candle_end_time,coin1_open,coin1_close,coin1_pct,coin2_open,coin2_close,coin2_pct,coin1_mom,coin2_mom,pos,trade_time,strategy_pct_adjust,coin1_net,coin2_net,strategy_net,total_capital_turn,week,normal_invest,normal_invest_all,normal_pct_adjust,normal_capital,total_capital
2022-04-01 08:00:00,45510.35,46283.49,0.016988447021050623,3281.51,3455.21,0.05293294855112429,0.19264721949650787,0.3450677359078167,coin2,2022-04-01 08:00:00,0.050307180599625134,1.0,1.0,1.0503071805996251,81923.96008677076,4,,,,0.0,1.0503071805996251
2022-04-02 08:00:00,46283.49,45811.0,-0.010208607864272912,3455.2,3443.77,-0.003310942026678587,0.21265817021526678,0.3689384453322202,coin2,,-0.003310942026678587,0.9897913921357271,0.9966890579733214,1.0468296744144556,81652.71460432754,5,,,,0.0,1.0468296744144556
2022-04-03 08:00:00,45810.99,46407.35,0.013017615856453668,3443.77,3521.91,0.022690249348824132,0.16979448907360628,0.36012064524351106,coin2,,0.022690249348824132,1.0026761162565745,1.0193041812219807,1.070582500752668,83505.4350587081,6,1000.0,1000.0,0.02013989959982454,1020.1398995998245,1.070582500752668
2022-04-04 08:00:00,46407.36,46580.51,0.003731305493634096,3521.9,3519.5,-0.0006842877870245623,0.18584823498173253,0.3444854893361806,coin2,,-0.0006842877870245623,1.0064174071574983,1.0186066838195074,1.0698499142224007,83448.29330934725,0,,1000.0,,0.0,1.0698499142224007
2022-04-05 08:00:00,46580.5,45497.55,-0.023249208735584892,3519.5,3406.99,-0.031967609035374434,0.10661939971785772,0.2282708620994227,coin2,,-0.031967609035374434,0.9830189987833675,0.9860442635903461,1.03564937043801,80780.65089416479,1,,1000.0,,0.0,1.03564937043801
2022-04-06 08:00:00,45497.54,43170.47,-0.05114736947374088,3407.0,3168.51,-0.06999727031778769,0.05505096791379804,0.12681370736009567,coin2,,-0.06999727031778769,0.9327401628528877,0.9170238567265088,0.963156741501014,75126.2258370791,2,,1000.0,,0.0,0.963156741501014
2022-04-07 08:00:00,43170.47,43444.19,0.006340445216371338,3168.52,3227.19,0.018519745874243654,0.04039225518954548,0.09808705238659088,coin2,,0.018519745874243654,0.9386541507565658,0.9340069055137025,0.9809941595906774,76517.54444807283,3,,1000.0,,0.0,0.9809941595906774
2022-04-08 08:00:00,43444.2,42252.01,-0.0274416440955626,3227.2,3192.39,-0.010783375010458118,0.0012056549196668431,0.08185804720011913,coin2,,-0.010783375010458118,0.9128959376226815,0.9239351587891907,0.9704157316847419,75692.42707140987,4,,1000.0,,0.0,0.9704157316847419
2022-04-09 08:00:00,42252.02,42753.97,0.011880144873581244,3192.39,3258.57,0.020730549838835488,0.03615568859663254,0.13881064381522212,coin2,,0.020730549838835488,0.9237412736161427,0.9430888426463225,0.9905329833748224,77261.57270323615,5,,1000.0,,0.0,0.9905329833748224
2022-04-10 08:00:00,42753.96,42158.85,-0.013919643017946681,3258.57,3203.04,-0.017041217466557512,0.028208208086141662,0.10830683418511211,coin2,,-0.017041217466557512,0.9108831248464625,0.9270174605885025,0.9736530953973341,75944.94144099206,6,1000.0,2000.0,-0.01949248625093014,980.5075137490699,0.9736530953973341
2022-04-11 08:00:00,42158.85,39530.45,-0.06234515410168928,3203.04,2979.74,-0.06971502073030622,-0.06688866264927429,0.0034010856534798517,coin2,,-0.06971502073030622,0.8540939760592816,0.8623904191062193,0.9057748496675821,70650.4382740714,0,,2000.0,,0.0,0.9057748496675821
2022-04-12 08:00:00,39530.45,40074.94,0.01377393882437472,2979.75,3027.66,0.016081940035036713,-0.06547666241631833,-0.0027470355731226137,coin2,,0.016081940035036713,0.8658582142357891,0.8762593301130756,0.9203414664851806,71786.63438584408,1,,2000.0,,0.0,0.9203414664851806
2022-04-13 08:00:00,40074.95,41147.79,0.026771094354726355,3027.65,3118.28,0.029930705561390658,-0.06464140994638501,0.002417415679769608,coin2,,0.029930705561390658,0.8890381861869103,0.9024863901181115,0.947887935934487,73935.25900288999,2,,2000.0,,0.0,0.947887935934487
2022-04-14 08:00:00,41147.78,39942.38,-0.02929464741605814,3118.28,3021.98,-0.030882409533460775,-0.09863390469106703,-0.025840226424339252,coin2,,-0.030882409533460775,0.862994125983153,0.8746154358201094,0.9186148725051313,71651.96005540024,3,,2000.0,,0.0,0.9186148725051313
2022-04-15 08:00:00,39942.37,40551.9,0.015259982004077077,3021.98,3040.56,0.006148286884757548,-0.08895207887800094,-0.03320826709062008,coin2,,0.006148286884757548,0.87616340081528,0.8799928224333687,0.9242627802778979,72092.49686167603,4,,2000.0,,0.0,0.9242627802778979
2022-04-16 08:00:00,40551.9,40378.71,-0.004270823315307148,3040.57,3059.3,0.006163338332412449,-0.1377185242258011,-0.07171574651434465,coin2,,0.006163338332412449,0.8724214617350593,0.8854165159281202,0.9299593245008068,72536.82731106292,5,,2000.0,,0.0,0.9299593245008068
2022-04-17 08:00:00,40378.7,39678.12,-0.01735047999304573,3059.3,2988.06,-0.023286372699637292,-0.15797412727459081,-0.10347083038296756,coin2,,-0.023286372699637292,0.8572845306177215,0.8647983769438037,0.908303945074978,70847.70771584829,6,1000.0,3000.0,-0.02572206753081019,974.2779324691899,0.908303945074978
2022-04-18 08:00:00,39678.11,40801.13,0.028303004275403998,2988.07,3055.56,0.022589907833175937,-0.13984817054145915,-0.1014406662530033,coin2,,0.022589907833175937,0.8815482583530325,0.8843340925732445,0.9288224474787319,72448.15090334108,0,,3000.0,,0.0,0.9288224474787319
2022-04-19 08:00:00,40801.13,41493.18,0.016961540035778544,3055.56,3101.77,0.015123250729817128,-0.11844164154874681,-0.08388588778394401,coin2,,0.015123250729817128,0.8965006744305584,0.8977080987841549,0.9428692622354351,73543.80245436393,1,,3000.0,,0.0,0.9428692622354351
2022-04-20 08:00:00,41493.19,41358.19,-0.0032533057239767516,3101.74,3076.04,-0.008295263672032371,-0.09123531048109057,-0.0626144671203197,coin2,,-0.008295263672032371,0.8935840836548844,0.8902613734042214,0.9350479130969376,72933.73722156112,2,,3000.0,,0.0,0.9350479130969376
2022-04-21 08:00:00,41358.19,40480.01,-0.021233521099448538,3076.03,2983.58,-0.030058126682357855,-0.12538985283953297,-0.1364982157379725,coin2,,-0.032482981365651864,0.874610147160467,0.8635017842620275,0.904674769159818,70564.6319944658,3,,3000.0,,0.0,0.904674769159818
2022-04-22 08:00:00,40480.01,39709.18,-0.01904223837889374,2983.57,2962.39,-0.007102206074581563,-0.13319552072646312,-0.13978285425565595,coin1,2022-04-22 08:00:00,-0.02148851708617827,0.8579556122496381,0.8573690166444297,0.8852346499252929,69048.30269417285,4,,3000.0,,0.0,0.8852346499252929
2022-04-23 08:00:00,39709.19,39441.6,-0.00673849220759537,2962.39,2933.03,-0.009910916523482638,-0.1501001457743224,-0.16720472698053035,coin1,,-0.00673849220759537,0.8521742850420312,0.8488717038906464,0.8792695031348778,68583.02124452047,5,,3000.0,,0.0,0.8792695031348778
2022-04-24 08:00:00,39441.61,39450.13,0.00021626911687144812,2933.04,2921.0,-0.004101560502279278,-0.15307646910692918,-0.1700525642846995,coin1,,0.00021626911687144812,0.8523585840220779,0.845390005238466,0.8794596619738129,68597.8536339574,6,1000.0,4000.0,-0.0022782887554186892,997.7217112445813,0.8794596619738129
2022-04-25 08:00:00,39450.12,40426.08,0.024738828490552534,2920.99,3006.62,0.029311879493324255,-0.11146688118371206,-0.1175142868044814,coin1,,0.024738828490552534,0.8734449368446503,0.8701699751968766,0.9012164637157424,70294.8841698279,0,,4000.0,,0.0,0.9012164637157424
2022-04-26 08:00:00,40426.08,38112.65,-0.057226176765098224,3006.63,2809.67,-0.06550545130412222,-0.11715925260948046,-0.11325197016894384,coin1,,-0.05958311132318539,0.8234610224941983,0.8131690982603084,0.8475191828318799,66106.49626088663,1,,4000.0,,0.0,0.8475191828318799
2022-04-27 08:00:00,38112.64,39235.72,0.029467119184837465,2809.68,2888.96,0.028220395989564606,-0.09687072080294279,-0.10480634855710391,coin2,2022-04-27 08:00:00,0.025649844999590776,0.8477260465881031,0.8361170522196915,0.8692579185056974,67802.1176434444,2,,4000.0,,0.0,0.8692579185056974
2022-04-28 08:00:00,39235.72,39742.07,0.012905332182001406,2888.95,2936.93,0.0166045912715993,-0.05940403781973924,-0.08002155125157018,coin1,2022-04-28 08:00:00,0.010379383722694646,0.8586662328186574,0.850000434127014,0.8782802799958589,68505.86183967699,3,,4000.0,,0.0,0.8782802799958589
2022-04-29 08:00:00,39742.06,38596.11,-0.028834934868767537,2936.92,2817.13,-0.04079089389260204,-0.09725085179224291,-0.13547046710673705,coin1,,-0.028834934868767537,0.8339066479213214,0.8153281566098732,0.8529551253256554,66530.49977540113,4,,4000.0,,0.0,0.8529551253256554
2022-04-30 08:00:00,38596.11,37630.8,-0.025010551581493567,2817.13,2726.66,-0.032114243929105224,-0.10740449514158934,-0.14872745891403172,coin1,,-0.025010551581493567,0.8130501826893349,0.789144509306236,0.8316222471669988,64866.53527902591,5,,4000.0,,0.0,0.8316222471669988
2022-05-01 08:00:00,37630.8,38468.35,0.022257034131615505,2726.67,2824.81,0.035996420529145645,-0.026867895508399187,-0.05199446931611473,coin1,,0.022257034131615505,0.8311462683561676,0.8175508869214896,0.8501316919068055,66310.27196873083,6,1000.0,5000.0,0.019707764719816057,1019.707764719816,0.8501316919068055
2022-05-02 08:00:00,38468.35,38525.16,0.0014767984589929561,2824.81,2856.54,0.011232613874915476,-0.038672047918225205,-0.05651889578090008,coin1,,0.0014767984589929561,0.8323737038844738,0.8267341203573734,0.8513871650793545,66408.19887618965,0,,5000.0,,0.0,0.8513871650793545
2022-05-03 08:00:00,38525.16,37728.95,-0.02066727302365534,2856.54,2781.7,-0.026199528100429248,-0.08308684378918052,-0.10793770924997126,coin1,,-0.02066727302365534,0.8151708092885821,0.8050740765394867,0.8337913140898235,65035.72249900624,1,,5000.0,,0.0,0.8337913140898235
2022-05-04 08:00:00,37728.95,39690.0,0.0519773277549469,2781.7,2940.64,0.057137721537189545,-0.006318601946103342,-0.026916127836716375,coin1,,0.0519773277549469,0.8575412096192401,0.8510741749416099,0.8771295585014982,68416.10556311686,2,,5000.0,,0.0,0.8771295585014982
2022-05-05 08:00:00,39690.0,36552.97,-0.07903829680020158,2940.65,2747.97,-0.06551975080254646,-0.09861264207102505,-0.09622898413450154,coin1,,-0.08134070105820101,0.7897626129749508,0.7953120070849528,0.8057832252941161,62851.091572941055,3,,5000.0,,0.0,0.8057832252941161
2022-05-06 08:00:00,36552.97,36013.77,-0.014751195320106825,2747.96,2692.85,-0.020058443141664495,-0.10810003588524753,-0.1197823031412415,coin2,2022-05-06 08:00:00,-0.0225082970338103,0.7781126704144393,0.7793592864109562,0.7876464171143344,61436.42053491808,4,,5000.0,,0.0,0.7876464171143344
2022-05-07 08:00:00,36013.77,35472.39,-0.015032583370194197,2692.86,2635.34,-0.02135655532242786,-0.10599620143293087,-0.11804314505063485,coin1,2022-05-07 08:00:00,-0.017488861217151208,0.7664156268250298,0.7627148566946728,0.7738713782372354,60361.96750250436,5,,5000.0,,0.0,0.7738713782372354
2022-05-08 08:00:00,35472.4,34038.4,-0.040425525317014155,2635.35,2519.71,-0.04387669143260453,-0.1657485956884036,-0.1753688358271479,coin1,,-0.040425525317014155,0.7354328724994593,0.7292494522764174,0.7425872212441934,57921.80325704708,6,1000.0,6000.0,-0.04281874895760329,957.1812510423968,0.7425872212441934
2022-05-09 08:00:00,34038.39,30076.31,-0.11640059462254393,2519.71,2228.55,-0.11555298030328887,-0.27515051871174967,-0.28152313034170806,coin1,,-0.11640059462254393,0.6498280488355568,0.6449825046813363,0.6561496271322667,51179.6709163168,0,,6000.0,,0.0,0.6561496271322667
2022-05-10 08:00:00,30074.23,31017.1,0.031280100517649734,2229.0,2342.05,0.05092997689080336,-0.2500372961195837,-0.238615232571748,coin1,,0.028701900266355773,0.6701547355223212,0.6778314487397293,0.6749823682900234,52648.62472662183,1,,6000.0,,0.0,0.6749823682900234
2022-05-11 08:00:00,31017.11,29103.94,-0.061680814776365334,2342.04,2084.99,-0.10975854486454195,-0.2810293278089606,-0.30117845004994004,coin2,2022-05-11 08:00:00,-0.11198414850238059,0.6288190454090649,0.6034336552626323,0.599395042522945,46752.8133167897,2,,6000.0,,0.0,0.599395042522945
2022-05-12 08:00:00,29103.94,29029.75,-0.002549139394872224,2084.99,1960.22,-0.05984201363076069,-0.268941086166977,-0.33829779333578625,coin1,2022-05-12 08:00:00,-0.005036548024810239,0.6272160980081667,0.5673229702391461,0.596376160605445,46517.340527224704,3,,6000.0,,0.0,0.596376160605445
2022-05-13 08:00:00,29029.74,29287.05,0.00886332124803002,1960.22,2009.69,0.0252369631980085,-0.2574578617500304,-0.31480755396296667,coin1,,0.00886332124803002,0.632775315776749,0.5816404791604562,0.6016620341015577,46929.638659921504,4,,6000.0,,0.0,0.6016620341015577
2022-05-14 08:00:00,29287.05,30086.74,0.02730524241943111,2009.69,2056.48,0.023282197751891998,-0.2373475068396479,-0.29596713454296475,coin1,,0.02730524241943111,0.6500533991710652,0.5951823478167753,0.6180905617972687,48211.06382018696,5,,6000.0,,0.0,0.6180905617972687
2022-05-15 08:00:00,30086.74,31328.89,0.04128562948328729,2056.47,2145.29,0.043185443087216946,-0.22503270166189748,-0.28647783890215595,coin1,,0.04128562948328729,0.6768912629535931,0.6208855612249328,0.6436088197187476,50201.48793806232,6,1000.0,7000.0,0.0386889072152492,1038.6889072152492,0.6436088197187476
2022-05-16 08:00:00,31328.89,29874.01,-0.04643892586044385,2145.29,2023.66,-0.05669629747027205,-0.2161654988566789,-0.2797517146141718,coin1,,-0.04643892586044385,0.645457159777709,0.5856836487507272,0.613720317456701,47870.18476162267,0,,7000.0,,0.0,0.613720317456701
2022-05-17 08:00:00,29874.01,30444.93,0.019110926186340693,2023.66,2090.72,0.033137977723530554,-0.22405068646631188,-0.27630704474966783,coin1,,0.019110926186340693,0.657792443914666,0.6050920204560648,0.6254490811426736,48785.028329128545,1,,7000.0,,0.0,0.6254490811426736
2022-05-18 08:00:00,30444.93,28715.32,-0.05681110122440747,2090.72,1915.11,-0.08399498737277111,-0.2774578676953666,-0.34792112852536494,coin1,,-0.05681110122440747,0.6204225307987794,0.5542673238384931,0.5899166300831645,46013.497146486836,2,,7000.0,,0.0,0.5899166300831645
2022-05-19 08:00:00,28715.33,30319.23,0.0558555502776914,1915.11,2019.55,0.0545347264647984,-0.2144485545304955,-0.2831179249803879,coin1,,0.0558555502776914,0.6550765726612233,0.5844941407324012,0.622866748074421,48583.60634980484,3,,7000.0,,0.0,0.622866748074421
2022-05-20 08:00:00,30319.22,29201.01,-0.03688154349566264,2019.55,1959.08,-0.02994231388180535,-0.22401304250773313,-0.28150924574387715,coin1,,-0.03688154349566264,0.6309163375536287,0.5669930337085155,0.5998944610133123,46791.76795903836,4,,7000.0,,0.0,0.5998944610133123
2022-05-21 08:00:00,29201.01,29445.06,0.008357587631386831,1959.08,1975.07,0.008161994405537332,-0.23456399871582734,-0.30081315203500414,coin1,,0.008357587631386831,0.6361892761328068,0.571620827677623,0.6049081315408147,47182.83426018355,5,,7000.0,,0.0,0.6049081315408147
2022-05-22 08:00:00,29445.07,30293.94,0.0288292840972304,1975.06,2043.19,0.034489916813075006,-0.21365829499475164,-0.2847325785740791,coin1,,0.0288292840972304,0.6545301575140509,0.5913359824728454,0.6223471999177297,48543.081593582916,6,1000.0,8000.0,0.026263276499685517,1026.2632764996856,0.6223471999177297
2022-05-23 08:00:00,30293.93,29109.15,-0.03910980215845139,2043.19,1973.32,-0.03419652602058554,-0.22846646938226467,-0.29060646367329324,coin1,,-0.03910980215845139,0.6289316125469363,0.5711143461613042,0.5980073240550811,46644.57127629632,0,,8000.0,,0.0,0.5980073240550811
2022-05-24 08:00:00,29109.14,29654.58,0.018737407310072562,1973.33,1979.41,0.003086169501145264,-0.25284504913076333,-0.32687782251482667,coin1,,0.018737407310072562,0.6407161603414091,0.5728769018380938,0.6092124308603076,47518.56960710399,1,,8000.0,,0.0,0.6092124308603076
2022-05-25 08:00:00,29654.58,29542.15,-0.0037913199242747275,1979.4,1942.63,-0.01858129442611689,-0.19179891538225213,-0.2930672460034134,coin1,,-0.0037913199242747275,0.6382870003969019,0.5622321074551185,0.6069027116330711,47338.41150737955,2,,8000.0,,0.0,0.6069027116330711
2022-05-26 08:00:00,29542.14,29201.35,-0.011536059494654305,1942.64,1792.23,-0.07742081611011875,-0.18916153460190366,-0.3344486324897413,coin1,,-0.011536059494654305,0.6309236835856588,0.5187036388526313,0.5999014458442049,46792.31277584798,3,,8000.0,,0.0,0.5999014458442049
2022-05-27 08:00:00,29201.35,28629.8,-0.019572725233593657,1792.24,1727.27,-0.03624534797431134,-0.19289904063413832,-0.3445741346467629,coin1,,-0.019572725233593657,0.6185747876834699,0.4999030449668761,0.5881597396774607,45876.459694841935,4,,8000.0,,0.0,0.5881597396774607
2022-05-28 08:00:00,28629.81,29031.33,0.01402489713515287,1727.26,1792.22,0.03760269095161739,-0.14710062752655817,-0.2887197336201388,coin1,,0.01402489713515287,0.6272502354511296,0.518700744672538,0.5964086195254754,46519.87232298708,5,,8000.0,,0.0,0.5964086195254754
2022-05-29 08:00:00,29031.33,29468.1,0.015044780931497082,1792.21,1813.64,0.011951657720592479,-0.0202222280592268,-0.18617935428866306,coin1,,0.015044780931497082,0.6366870778327218,0.5249000784322806,0.6053814565518928,47219.753611047636,6,1000.0,9000.0,0.01251349718852568,1012.5134971885257,0.6053814565518928
2022-05-30 08:00:00,29468.1,31734.22,0.07690078423787083,1813.64,1998.78,0.10208200083809338,0.02312014985282329,-0.14656817745137818,coin1,,0.07690078423787083,0.6856488134321764,0.57848292867872,0.6519357653237979,50850.98969525624,0,,9000.0,,0.0,0.6519357653237979
2022-05-31 08:00:00,31734.23,31801.04,0.002105613435591014,1998.78,1941.9,-0.028457358988983272,0.0926713015488625,-0.06862862651619417,coin1,,0.002105613435591014,0.6870925247858362,0.5620208323083112,0.653308490030406,50958.06222237167,1,,9000.0,,0.0,0.653308490030406
2022-06-01 08:00:00,31801.05,29805.83,-0.06274040094286226,1941.9,1817.95,-0.06382923940470675,0.02673395396102274,-0.07257858811766027,coin1,,-0.06274040094286226,0.6439840642959294,0.5261474700524715,0.6123196534265224,47760.932967268745,2,,9000.0,,0.0,0.6123196534265224
2022-06-02 08:00:00,29805.84,30452.62,0.02170011705763586,1817.96,1834.08,0.008872631260485653,0.0397981360362345,-0.0873816359737074,coin1,,0.02170011705763586,0.6579585938744031,0.5308157825428845,0.625607061582569,48797.35080344038,3,,9000.0,,0.0,0.625607061582569
2022-06-03 08:00:00,30452.63,29700.21,-0.02470756210795655,1834.09,1775.12,-0.03214690744133297,-0.012847187830918316,-0.1368163074768537,coin1,,-0.02470756210795655,0.6417020410517876,0.5137516967130796,0.6101498362533414,47591.68722776063,4,,9000.0,,0.0,0.6101498362533414
2022-06-04 08:00:00,29700.21,29864.04,0.005516122613274499,1775.13,1804.58,0.016596061111361582,-0.046757162478466285,-0.1588176889837738,coin1,,0.005516122613274499,0.6452417481914178,0.5222779512677955,0.6135154975625842,47854.208809881566,5,,9000.0,,0.0,0.6135154975625842
2022-06-05 08:00:00,29864.03,29919.21,0.001847372291223781,1804.58,1806.23,0.000914340178878259,0.0015130208498959075,-0.10744393821096432,coin1,,0.001847372291223781,0.6464337499181674,0.522755490983182,0.6146488890930176,47942.61334925538,6,1000.0,10000.0,-0.0006506655752539503,999.3493344247461,0.6146488890930176
2022-06-06 08:00:00,29919.2,31373.1,0.048593863273796334,1806.22,1859.84,0.029680605459991183,0.03048684953455294,-0.11043085635570515,coin1,,0.048593863273796334,0.6778464631772583,0.5382711904630977,0.6445170531709945,50272.33014733757,0,,10000.0,,0.0,0.6445170531709945
2022-06-07 08:00:00,31373.1,31125.33,-0.007897530049628454,1859.84,1813.33,-0.02500752752924984,0.08392767345096641,-0.05314577230550721,coin1,,-0.007897530049628454,0.6724931503652815,0.5248103588493898,0.6394269603760786,49875.30290933413,1,,10000.0,,0.0,0.6394269603760786
2022-06-08 08:00:00,31125.32,30204.77,-0.0295759113236711,1813.33,1791.88,-0.011829065862253296,-0.0037751618362339423,-0.11273303458691286,coin1,,-0.0295759113236711,0.6526035525843017,0.5186023425493675,0.6205153252980311,48400.195373246424,2,,10000.0,,0.0,0.6205153252980311
2022-06-09 08:00:00,30204.77,30109.93,-0.00313990141292253,1791.88,1788.81,-0.0017132843717213575,0.03112632063069065,-0.08691324499254749,coin1,,-0.00313990141292253,0.650554441767464,0.5177138292607396,0.6185669683513877,48248.22353140824,3,,10000.0,,0.0,0.6185669683513877
2022-06-10 08:00:00,30109.93,29091.88,-0.03381110484149241,1788.8,1662.91,-0.07038198578943533,-0.011994541699015038,-0.15805009442703288,coin1,,-0.03381110484149241,0.6285584773317656,0.48127610188671605,0.5976525357329748,46616.897787172034,4,,10000.0,,0.0,0.5976525357329748
2022-06-11 08:00:00,29091.87,28424.7,-0.02293354709286577,1662.91,1532.89,-0.07818823628458549,-0.06170342979486976,-0.24975650820530637,coin1,,-0.02293354709286577,0.6141434018912576,0.4436459723142733,0.583946243159572,45547.80696644662,5,,10000.0,,0.0,0.583946243159572
2022-06-12 08:00:00,28424.71,26574.53,-0.06509022082906779,1532.89,1434.84,-0.06396414615530155,-0.08707296502989614,-0.27288022216366326,coin1,,-0.06509022082906779,0.5741686722414407,0.4152685364999522,0.545937053240011,42583.090152720855,6,1000.0,11000.0,-0.0674219947496052,932.5780052503948,0.545937053240011
2022-06-13 08:00:00,26574.53,22487.41,-0.153798392671479,1434.84,1209.82,-0.15682584817819412,-0.24168846768357544,-0.38879767203358584,coin1,,-0.153798392671479,0.4858624533283899,0.35014369604162987,0.4619728119518936,36033.8793322477,0,,11000.0,,0.0,0.4619728119518936
2022-06-14 08:00:00,22485.27,22136.41,-0.015608733953799026,1209.35,1208.9,-0.0007604437023688293,-0.25068385340945065,-0.3776993045510467,coin1,,-0.015608733953799026,0.47827875555624694,0.34987743147305084,0.45476200123624805,35471.43609642735,1,,11000.0,,0.0,0.45476200123624805
2022-06-15 08:00:00,22136.42,22583.72,0.02020698026464096,1208.9,1237.52,0.02367441475721721,-0.22662068705727634,-0.3095082662381503,coin1,,0.02020698026464096,0.4879433249307691,0.3581605748999337,0.46395136802033754,36188.20670558633,2,,11000.0,,0.0,0.46395136802033754
2022-06-16 08:00:00,22583.72,20401.31,-0.09663642659402438,1237.53,1068.5,-0.13657961083457237,-0.28740997142837177,-0.3813937600954107,coin1,,-0.09663642659402438,0.4407902256290527,0.30924314296381405,0.419116765701443,32691.107724712554,3,,11000.0,,0.0,0.419116765701443
2022-06-17 08:00:00,20400.6,20468.81,0.0033086110646816103,1068.5,1086.94,0.01725783809078152,-0.29494067271461555,-0.3935231165816696,coin1,,0.0033086110646816103,0.4422486290467724,0.314580011055768,0.42050346006983635,32799.26988544723,4,,11000.0,,0.0,0.42050346006983635
2022-06-18 08:00:00,20468.81,18970.79,-0.07318549539518904,1086.93,995.13,-0.08446648389055522,-0.35622622428999484,-0.45130786705189563,coin1,,-0.07318549539518904,0.4098824440421412,0.2880085436196353,0.38972870602923426,30398.83907028027,5,,11000.0,,0.0,0.38972870602923426
2022-06-19 08:00:00,18970.79,20574.0,0.08450939576053496,995.12,1128.53,0.13405283731773743,-0.3516777787511399,-0.4353905882588379,coin1,,0.08450939576053496,0.4445213617209938,0.3266169060635967,0.4226644434863,32967.8265919314,6,1000.0,12000.0,0.08180488355165583,1081.8048835516558,0.4226644434863
2022-06-20 08:00:00,20574.0,20573.89,-5.346553903051721e-06,1128.53,1128.24,-0.0002569714584459426,-0.35304348537028984,-0.41900200834234513,coin1,,-5.346553903051721e-06,0.44451898506357235,0.32653297484089244,0.42266218368807,32967.650327669464,0,,12000.0,,0.0,0.42266218368807
2022-06-21 08:00:00,20573.9,20723.52,0.007272810343595726,1128.24,1125.85,-0.002118343614833762,-0.30471588947531414,-0.380703539701312,coin1,,0.007272810343595726,0.44775188733606736,0.32584126579860556,0.42573612558944335,33207.41779597658,1,,12000.0,,0.0,0.42573612558944335
2022-06-22 08:00:00,20723.51,19987.99,-0.035492522505829016,1125.86,1050.19,-0.06720255806723796,-0.3436364424473164,-0.4274022943383058,coin1,,-0.035492522505829016,0.43186004339776457,0.30394389921307247,0.4106256765704156,32028.802772492418,2,,12000.0,,0.0,0.4106256765704156
2022-06-23 08:00:00,19988.0,21110.13,0.056140712497855016,1050.19,1144.72,0.09001228349155865,-0.28922623779427814,-0.355130920726486,coin1,,0.056140712497855016,0.4561049739334696,0.33130258363456927,0.4336784946229925,33826.92258059342,3,,12000.0,,0.0,0.4336784946229925
2022-06-24 08:00:00,21110.12,21237.69,0.006042596611200324,1144.71,1225.02,0.07014815850164235,-0.28885408672101975,-0.321160602467056,coin1,,0.006042596611200324,0.4588610323033116,0.3545428497833706,0.43629903882495186,34031.32502834625,4,,12000.0,,0.0,0.43629903882495186
2022-06-25 08:00:00,21237.68,21491.19,0.011936326408380493,1225.02,1242.36,0.014154870940882525,-0.28169259816686343,-0.31218061930097507,coin1,,0.011936326408380493,0.4643381473609704,0.35956135806506695,0.44150684656402917,34437.53403199428,5,,12000.0,,0.0,0.44150684656402917
2022-06-26 08:00:00,21491.18,21038.07,-0.021083988369187567,1242.31,1197.79,-0.03587526964808907,-0.32942329575336826,-0.35597148141775636,coin1,,-0.021083988369187567,0.45454804726264164,0.3466619973894495,0.4321981213461565,33711.4534650002,6,1000.0,13000.0,-0.02352472106988046,976.4752789301195,0.4321981213461565
2022-06-27 08:00:00,21038.08,20742.56,-0.014046440571782393,1197.79,1192.51,-0.0044081182845072675,-0.33357943514173183,-0.3423645999349263,coin1,,-0.014046440571782393,0.4481632651297472,0.3451338703002133,0.4261272761194317,33237.92753731567,0,,13000.0,,0.0,0.4261272761194317
2022-06-28 08:00:00,20742.57,20281.29,-0.022237852994037355,1192.51,1144.05,-0.04063697579055947,-0.3285401610407892,-0.36153648681831374,coin1,,-0.022237852994037355,0.4381970763224641,0.33110867356832147,0.4166511203963382,32498.787390914382,1,,13000.0,,0.0,0.4166511203963382
2022-06-29 08:00:00,20281.28,20123.01,-0.007804237304431916,1144.05,1100.21,-0.03832000349635056,-0.3316819401439991,-0.3849486530151329,coin1,,-0.007804237304431916,0.4347772823527353,0.31842058803951134,0.41339947617960776,32245.159142009405,2,,13000.0,,0.0,0.41339947617960776
2022-06-30 08:00:00,20123.0,19942.21,-0.008984739360562877,1100.21,1071.01,-0.02654038774415801,-0.31450940949845807,-0.35594229393051946,coin1,,-0.008984739360562877,0.43087092179090214,0.3099695821672199,0.40968518963434075,31955.444791478578,3,,13000.0,,0.0,0.40968518963434075
2022-07-01 08:00:00,19942.21,19279.8,-0.03321647901611702,1071.02,1059.73,-0.010532114546082605,-0.32172371212361084,-0.3086718551233292,coin1,,-0.03563343781857664,0.4165589068585796,0.3067049470220334,0.39508669790431367,30816.762436536465,4,,13000.0,,0.0,0.39508669790431367
2022-07-02 08:00:00,19279.8,19252.81,-0.00139991078745616,1059.73,1067.01,0.006869674351013932,-0.275516443752721,-0.25635610939198794,coin2,2022-07-02 08:00:00,0.004358777407495351,0.4159757615512573,0.30881191012991976,0.39680879287714094,30951.085844416993,5,,13000.0,,0.0,0.39680879287714094
2022-07-03 08:00:00,19252.82,19315.83,0.003273288418677689,1067.01,1074.26,0.006794687959812862,-0.14103802972418777,-0.11204972640558097,coin2,,0.006794687959812862,0.41733737019399364,0.31091019069752635,0.3995049848044511,31161.388814747188,6,1000.0,14000.0,0.004283978014776091,1004.283978014776,0.3995049848044511
2022-07-04 08:00:00,19315.83,20236.71,0.04767488634969341,1074.26,1151.0,0.0714352205238955,-0.085817890073413,-0.04789478037885686,coin2,,0.0714352205238955,0.4372338818874722,0.33312012873313057,0.4280437114943526,33387.40949655951,0,,14000.0,,0.0,0.4280437114943526
2022-07-05 08:00:00,20236.71,20175.83,-0.003008394151025384,1151.01,1132.5,-0.016072980017376226,-0.10662060989066457,-0.08486327493697066,coin2,,-0.016072980017376226,0.43591851003457177,0.32776589556061714,0.4211637734729403,32850.77433088935,1,,14000.0,,0.0,0.4211637734729403
2022-07-06 08:00:00,20175.84,20564.51,0.019264634961733806,1132.51,1186.57,0.04774392935982341,0.007999486307496806,0.1105007019185773,coin2,,0.04774392935982341,0.4443163210034507,0.3434147273248225,0.44127178692254904,34419.19937995882,2,,14000.0,,0.0,0.44127178692254904
2022-07-07 08:00:00,20564.51,21624.98,0.051567968310453294,1186.57,1237.49,0.042913608130999537,0.05648447564855985,0.1385081053232009,coin2,,0.042913608130999537,0.46722881096477387,0.35815189235965394,0.46020835146580924,35896.25141433312,3,,14000.0,,0.0,0.46020835146580924
2022-07-08 08:00:00,21624.99,21594.75,-0.001397920368018779,1237.49,1214.04,-0.018949648077964287,0.13831580023815548,0.2199813089747067,coin2,,-0.018949648077964287,0.466575662293401,0.35136504004098157,0.45148756516299204,35216.030082713376,4,,14000.0,,0.0,0.45148756516299204
2022-07-09 08:00:00,21594.75,21591.83,-0.00013521805068350545,1214.03,1217.02,0.002454614345491102,0.04947166326431418,0.07841173916510868,coin2,,0.002454614345491102,0.46651257284184927,0.3522275057087702,0.45259579301725195,35302.471855345655,5,,14000.0,,0.0,0.45259579301725195
2022-07-10 08:00:00,21592.15,20862.47,-0.0337794434283708,1217.02,1168.36,-0.03998290907298163,0.014026516132826794,0.035559809969510026,coin2,,-0.03998290907298163,0.4507540377789143,0.3381444253750134,0.4344996965782291,33890.97633310187,6,1000.0,15000.0,-0.04237696665634072,957.6230333436592,0.4344996965782291
2022-07-11 08:00:00,20861.11,19963.61,-0.04308502301021888,1168.37,1096.4,-0.06159060563524921,-0.03666896357375582,-0.026158013945019154,coin2,,-0.06159060563524921,0.4313332896892607,0.3173179054239829,0.407738597117644,31803.61057517623,0,,15000.0,,0.0,0.407738597117644
2022-07-12 08:00:00,19963.61,19328.75,-0.0318008616678046,1096.37,1038.58,-0.05273622765414099,-0.03298180557424746,-0.011055142402803475,coin2,,-0.05273622765414099,0.4176165194111334,0.3005837561248086,0.3862360016366678,30126.408127660092,1,,15000.0,,0.0,0.3862360016366678
2022-07-13 08:00:00,19331.28,20234.87,0.046879389510444236,1038.58,1115.0,0.07358123591827304,-0.04146161108434676,-0.025962680830246776,coin2,,0.07358123591827304,0.437194126890604,0.3227010803974288,0.414655723993226,32343.146471471628,2,,15000.0,,0.0,0.414655723993226
2022-07-14 08:00:00,20234.87,20588.84,0.01749307013091772,1115.01,1193.42,0.07033183856502245,-0.03055181613442881,-0.025795497216371865,coin2,,0.07033183856502245,0.4448419944131266,0.3453972406886991,0.44381922343318003,34617.89942778804,3,,15000.0,,0.0,0.44381922343318003
2022-07-15 08:00:00,20588.84,20830.04,0.011715084482661453,1193.42,1231.25,0.03169881516984785,-0.030763768781533196,-0.008942657522779118,coin2,,0.03169881516984785,0.450053355959112,0.35634592398146564,0.4578877669656138,35715.24582331788,4,,15000.0,,0.0,0.4578877669656138
2022-07-16 08:00:00,20830.04,21195.6,0.017549654249343627,1231.25,1355.85,0.10119796954314708,0.0074878541615270855,0.1319596924335651,coin2,,0.10119796954314708,0.4579516367499512,0.39240740794336665,0.5042250792611795,39329.556182372005,5,,15000.0,,0.0,0.5042250792611795
2022-07-17 08:00:00,21195.6,20798.16,-0.018751061541074532,1355.84,1338.65,-0.012685769074750053,0.0026804791693983976,0.12254823858919428,coin2,,-0.012685769074750053,0.44936455742641707,0.3874294181829759,0.4978285963439747,38830.63051483002,6,1000.0,16000.0,-0.01514063554825451,984.8593644517455,0.4978285963439747
2022-07-18 08:00:00,20799.58,22432.58,0.07858483635090807,1338.65,1581.04,0.18107048145519733,0.10607264133593075,0.3819675713474062,coin2,,0.18107048145519733,0.4846777976336703,0.4575814494632743,0.5879706599661433,45861.711477359175,0,,16000.0,,0.0,0.5879706599661433
2022-07-19 08:00:00,22432.58,23396.62,0.04297499440545827,1581.03,1542.32,-0.024490208976369998,0.1626799370471912,0.4018414666290979,coin2,,-0.024490208976369998,0.5055068232754272,0.4463751841422084,0.5735711356315982,44738.548579264665,1,,16000.0,,0.0,0.5735711356315982
2022-07-20 08:00:00,23398.48,23223.3,-0.007407907637940858,1542.33,1521.58,-0.013447274236215612,0.16452990917255406,0.4206963520415308,coin2,,-0.013447274236215612,0.5017620754182539,0.4403726546288069,0.5658581672767825,44136.93704758904,2,,16000.0,,0.0,0.5658581672767825
2022-07-21 08:00:00,23223.3,23152.19,-0.003062010997575748,1521.63,1575.45,0.035403987959883976,0.2008521872633533,0.4866522604814434,coin2,,0.035403987959883976,0.5002256744251568,0.4559636027911473,0.5858918030180518,45699.56063540804,3,,16000.0,,0.0,0.5858918030180518
2022-07-22 08:00:00,23152.19,22684.83,-0.020186427288303888,1575.45,1535.27,-0.02550382430416709,0.17826073181005797,0.43885249435338003,coin2,,-0.02550382430416709,0.49012790522063054,0.44433478717646685,0.5709493214126277,44534.047070184955,4,,16000.0,,0.0,0.5709493214126277
2022-07-23 08:00:00,22684.83,22451.07,-0.010304683790885893,1535.27,1548.67,0.008728106456844742,0.16231453683326058,0.4416156237782287,coin2,,0.008728106456844742,0.4850772921402427,0.4482129885014225,0.5759326278713803,44922.74497396767,5,,16000.0,,0.0,0.5759326278713803
2022-07-24 08:00:00,22448.58,22579.68,0.00572845748554518,1548.66,1597.7,0.031659423892759664,0.11577820703068831,0.388097306689835,coin2,,0.031659423892759664,0.48785603678547146,0.4624031534986296,0.5941663230708314,46344.97319952485,6,1000.0,17000.0,0.029093352138747086,1029.0933521387472,0.5941663230708314
2022-07-25 08:00:00,22577.13,21310.9,-0.056191230345159826,1597.7,1440.79,-0.0982099267697315,0.056258899881690194,0.27222075055187633,coin2,,-0.0982099267697315,0.4604428058471823,0.4169905736554363,0.5358132919930044,41793.43677545434,0,,17000.0,,0.0,0.5358132919930044
2022-07-26 08:00:00,21310.9,21254.67,-0.0026385558563929434,1440.79,1449.12,0.0057815503994336215,0.03356073157104156,0.22126802464245676,coin2,,0.0057815503994336215,0.4592279017852802,0.4194014256731139,0.5389111235453484,42035.06763653718,1,,17000.0,,0.0,0.5389111235453484
2022-07-27 08:00:00,21254.67,22952.45,0.07987797505207106,1449.12,1635.74,0.1287816053880977,0.061385952726892734,0.32182078239016065,coin2,,0.1287816053880977,0.49591009666729974,0.47341261457335443,0.6083129631970219,47448.411129367705,2,,17000.0,,0.0,0.6083129631970219
2022-07-28 08:00:00,22954.31,23842.93,0.038796729760875115,1635.74,1724.52,0.05427512929927736,0.10410771136503083,0.42048037955915785,coin2,,0.05427512929927736,0.5151497866733905,0.4991071454412322,0.6413292279289668,50023.67977845942,3,,17000.0,,0.0,0.6413292279289668
2022-07-29 08:00:00,23845.25,23773.75,-0.0029014890367921042,1724.52,1721.68,-0.0016468350613503269,0.10105303719045566,0.41466861678526246,coin2,,-0.0016468350613503269,0.5136550852150519,0.4982851982947491,0.6402730644705447,49941.29902870248,4,,17000.0,,0.0,0.6402730644705447
2022-07-30 08:00:00,23777.28,23643.51,-0.005478311162521732,1721.68,1697.0,-0.014334835741833585,0.1333034870751162,0.4524632818651786,coin2,,-0.014334835741833585,0.5108411228280322,0.4911423618246069,0.6310948552614389,49225.39871039223,5,,17000.0,,0.0,0.6310948552614389
2022-07-31 08:00:00,23644.64,23293.32,-0.014811252643960215,1697.0,1678.12,-0.01112551561579267,0.16678897253552827,0.5305727836556,coin2,,-0.01112551561579267,0.5032749258969019,0.48567814980854995,0.6240735995941814,48677.74076834615,6,1000.0,18000.0,-0.013591536773857937,986.4084632261421,0.6240735995941814
2022-08-01 08:00:00,23296.36,23268.01,-0.0010865776110919878,1678.12,1630.28,-0.028508092389102013,0.20380314298648372,0.569720194881473,coin2,,-0.028508092389102013,0.5027280786301983,0.47183239224243967,0.606282451759351,47290.03123722938,0,,18000.0,,0.0,0.606282451759351
2022-08-02 08:00:00,23266.9,22987.79,-0.012043144213879864,1630.28,1630.91,0.00038643668572269085,0.13604831659407757,0.4626995515695067,coin2,,0.00038643668572269085,0.4966736518788882,0.4720147255883145,0.6065167415406207,47308.30584016842,1,,18000.0,,0.0,0.6065167415406207
2022-08-03 08:00:00,22985.93,22818.37,-0.007369999464933441,1630.91,1618.16,-0.007817721394804078,0.10828827656147699,0.3559015267047645,coin2,,-0.007817721394804078,0.4930131673302942,0.46832464596942014,0.6017751626339718,46938.4626854498,2,,18000.0,,0.0,0.6017751626339718
2022-08-04 08:00:00,22816.91,22622.98,-0.008562837748708585,1618.16,1607.96,-0.00630345577693181,0.08607472669279548,0.30595736040609145,coin2,,-0.00630345577693181,0.48879157557046804,0.4653725822743046,0.5979818995086527,46642.58816167491,3,,18000.0,,0.0,0.5979818995086527
2022-08-05 08:00:00,22622.41,23312.42,0.030475207068211052,1607.97,1736.81,0.0801325903629444,0.09987072788691997,0.280975034111443,coin2,,0.0801325903629444,0.5036876000491752,0.502664092775837,0.6458997381064349,50380.17957230192,4,,18000.0,,0.0,0.6458997381064349
2022-08-06 08:00:00,23313.56,22954.21,-0.01536562913674333,1736.81,1690.6,-0.026606249388246295,0.10366542040257398,0.2629141299069957,coin2,,-0.026606249388246295,0.49594812318604325,0.48929008656492656,0.6287147685945721,49039.75195037662,5,,18000.0,,0.0,0.6287147685945721
2022-08-07 08:00:00,22954.21,23174.39,0.009592140178206865,1690.6,1700.19,0.0056725422926773295,0.033068421019784466,0.07536178717806008,coin2,,0.0056725422926773295,0.5007053271047625,0.49206560527435383,0.6322811797094556,49317.93201733754,6,1000.0,19000.0,0.003164630715887462,1003.1646307158875,0.6322811797094556
2022-08-08 08:00:00,23174.39,23810.0,0.027427259142527527,1700.2,1777.05,0.04520671219099026,0.017668364062843223,0.15219280045645522,coin2,,0.04520671219099026,0.5144383018653088,0.5143102734710769,0.6608645330243608,51547.43357590014,0,,19000.0,,0.0,0.6608645330243608
2022-08-09 08:00:00,23810.98,23149.95,-0.027721545569088568,1777.05,1702.76,-0.04180523901972366,-0.0031584658511063513,0.11907359455303035,coin2,,-0.04180523901972366,0.5001772770376651,0.49280940955831914,0.6332369332616193,49392.48079440631,1,,19000.0,,0.0,0.6332369332616193
2022-08-10 08:00:00,23151.32,23954.05,0.034734416273037194,1702.76,1853.57,0.0885679719984025,0.03463430457334704,0.17653368878733056,coin2,,0.0885679719984025,0.5175506427886056,0.5364565395446297,0.6893214442350887,53767.072650336915,2,,19000.0,,0.0,0.6893214442350887
2022-08-11 08:00:00,23954.05,23934.39,-0.0008207380380352847,1853.58,1880.19,0.01436147542310251,0.055083507348302696,0.2246640656040957,coin2,,0.01436147542310251,0.5171258692894594,0.5441608469528625,0.6992211172150884,54539.2471427769,3,,19000.0,,0.0,0.6992211172150884
2022-08-12 08:00:00,23933.09,24403.68,0.019607351597429545,1880.19,1958.28,0.04153303655481633,0.08697180134398952,0.26449146687157365,coin2,,0.04153303655481633,0.5272653380287442,0.5667614993010555,0.7282618934362822,56804.42768803002,4,,19000.0,,0.0,0.7282618934362822
2022-08-13 08:00:00,24401.7,24441.38,0.0015448489735974125,1958.28,1983.55,0.012904181220254607,0.08245023844447763,0.24150341115353324,coin2,,0.012904181220254607,0.5280798833450114,0.5740750923966994,0.7376595168849898,57537.4423170292,5,,19000.0,,0.0,0.7376595168849898
2022-08-14 08:00:00,24443.06,24305.24,-0.005570061919580649,1983.55,1935.31,-0.024320032265382818,0.14050743985472214,0.3432283677704593,coin2,,-0.024320032265382818,0.5251384456962948,0.5601135676268592,0.7197196136334801,56138.12986341145,6,1000.0,20000.0,-0.026753149391902875,973.2468506080971,0.7197196136334801
2022-08-15 08:00:00,24305.25,24094.82,-0.008657392397688812,1935.32,1899.06,-0.018730849321297316,0.1336247516428155,0.3104918847300431,coin2,,-0.018730849321297316,0.5205921161087895,0.5496221647888261,0.7062386539969291,55086.61501176047,0,,20000.0,,0.0,0.7062386539969291
2022-08-16 08:00:00,24093.04,23854.74,-0.009963967358959214,1899.05,1876.67,-0.011790043495202851,0.03931127178144389,0.14729113428784535,coin2,,-0.011790043495202851,0.5154049532565501,0.5431420955600383,0.6979120695483118,54437.14142476831,1,,20000.0,,0.0,0.6979120695483118
2022-08-17 08:00:00,23856.15,23342.66,-0.021466593222143726,1876.67,1834.25,-0.022603867488690144,-0.020981901133795278,0.06362929974717613,coin2,,-0.022603867488690144,0.5043409647803136,0.5308649836044698,0.6821365576094842,53206.65149353977,2,,20000.0,,0.0,0.6821365576094842
2022-08-18 08:00:00,23342.66,23191.2,-0.006488549291297496,1834.24,1846.39,0.006618508927354494,-0.024503917135496045,0.07243506342642081,coin2,,0.006618508927354494,0.5010685235707161,0.5343785182376759,0.6866512845056975,53558.8001914444,3,,20000.0,,0.0,0.6866512845056975
2022-08-19 08:00:00,23191.45,20834.39,-0.10162518541515753,1846.39,1609.01,-0.12856438780539325,-0.11881146242668705,-0.05185032410135537,coin2,,-0.12856438780539325,0.45014734195714284,0.4656764711840959,0.5983723824774355,46673.04583323997,4,,20000.0,,0.0,0.5983723824774355
2022-08-20 08:00:00,20834.39,21140.07,0.014671895841442906,1609.0,1576.04,-0.020490860839895375,-0.09244066539248164,-0.060829976402164254,coin2,,-0.020490860839895375,0.45675185687164044,0.45613435941664904,0.5861112172576537,45716.67494609699,5,,20000.0,,0.0,0.5861112172576537
2022-08-21 08:00:00,21140.07,21515.61,0.017764368802941632,1576.03,1618.13,0.026706174970178465,-0.07531370323461262,-0.007452707510366197,coin2,,0.026706174970178465,0.4648657653085366,0.4683159634291404,0.6017640059777208,46937.59246626223,6,1000.0,21000.0,0.02415230870749263,1024.1523087074927,0.6017640059777208
2022-08-22 08:00:00,21516.7,21399.83,-0.0053812092708502846,1618.13,1624.66,0.004035522485832388,-0.06907841075631882,-0.003832216370001973,coin2,,0.004035522485832388,0.4623642253425574,0.4702058630300329,0.6041924381550086,47127.01017609067,0,,21000.0,,0.0,0.6041924381550086
2022-08-23 08:00:00,21400.75,21529.12,0.006041636779357429,1624.65,1665.41,0.025082171038863565,-0.056500530055389575,0.02919983190784592,coin2,,0.025082171038863565,0.4651576620518461,0.48199964691002867,0.6193468962292005,48309.057905877635,1,,21000.0,,0.0,0.6193468962292005
2022-08-24 08:00:00,21529.11,21368.08,-0.0074801013696795815,1665.4,1656.56,-0.005314006761097945,-0.055470145842855256,0.030224632453543565,coin2,,-0.005314006761097945,0.46167823558681514,0.47943829752750194,0.6160556826351735,48052.34324554353,2,,21000.0,,0.0,0.6160556826351735
2022-08-25 08:00:00,21368.05,21559.04,0.008936694359062525,1656.56,1695.11,0.02327111604771326,-0.0752122688249438,-0.02400953472170242,coin2,,0.02327111604771326,0.46580411287048584,0.49059536178698254,0.6303919859176299,49170.574901575135,3,,21000.0,,0.0,0.6303919859176299
2022-08-26 08:00:00,21559.04,20241.05,-0.061133983702428396,1695.11,1508.18,-0.11027602928423519,-0.1181987966477609,-0.10790251981545007,coin2,,-0.11027602928423519,0.4373276518257374,0.4364944533038513,0.5608748608180302,43748.23914380636,4,,21000.0,,0.0,0.5608748608180302
2022-08-27 08:00:00,20239.14,20037.6,-0.010051356031431258,1508.18,1491.06,-0.011351430200639223,-0.1353558820749975,-0.12300389956416646,coin2,,-0.011351430200639223,0.43293191589484714,0.43153961698420645,0.554508128984161,43251.63406076456,5,,21000.0,,0.0,0.554508128984161
2022-08-28 08:00:00,20037.6,19555.61,-0.024054277957439862,1491.06,1426.76,-0.04312368382224718,-0.1786808063838723,-0.19711882051714924,coin2,,-0.045515874612691465,0.4225180512532655,0.41293003898460584,0.5292692065135998,41282.99810806078,6,1000.0,22000.0,-0.04550990904962304,954.490090950377,0.5292692065135998
2022-08-29 08:00:00,19555.61,20285.73,0.03733557787253883,1426.76,1551.8,0.08763912641229066,-0.12372467327143255,-0.08865606427212291,coin1,2022-08-29 08:00:00,0.03474223892785755,0.4382930068583851,0.44911886687060987,0.5476572037434528,42717.26189198932,0,,22000.0,,0.0,0.5476572037434528
2022-08-30 08:00:00,20287.2,19811.66,-0.02336962978408963,1551.79,1524.59,-0.017534476092279982,-0.1729306735186743,-0.17748452985320218,coin2,2022-08-30 08:00:00,-0.01999063990204919,0.4280502615511492,0.4412438028368753,0.5367091857936542,41863.31649190503,1,,22000.0,,0.0,0.5367091857936542
2022-08-31 08:00:00,19813.03,20050.02,0.012031298740236895,1524.59,1554.1,0.019356023586669213,-0.16229241689468576,-0.17343459969471176,coin1,2022-08-31 08:00:00,0.009437726088573628,0.43320026212370766,0.44978452829205745,0.5417745000783961,42258.4110061149,2,,22000.0,,0.0,0.5417745000783961
2022-09-01 08:00:00,20048.44,20131.46,0.004061841334821459,1554.11,1586.16,0.020629303133646637,-0.17506458042393613,-0.1900238985231938,coin1,,0.004061841334821459,0.43495985285465727,0.45906326967101857,0.5439751021369668,42430.05796668341,3,,22000.0,,0.0,0.5439751021369668
2022-09-02 08:00:00,20132.64,19951.86,-0.00892135990136822,1586.17,1575.35,-0.006815201492913814,-0.18368520926396137,-0.20579264450102097,coin1,,-0.00892135990136822,0.4310794194646947,0.45593466099021474,0.5391221044734194,42051.52414892671,4,,22000.0,,0.0,0.5391221044734194
2022-09-03 08:00:00,19950.98,19831.9,-0.006012472020152426,1575.35,1557.46,-0.011356206557272874,-0.1840483780452281,-0.19524003906350917,coin1,,-0.006012472020152426,0.4284875665166996,0.45075697280338967,0.5358806479048273,41798.69053657653,5,,22000.0,,0.0,0.5358806479048273
2022-09-04 08:00:00,19832.45,20000.3,0.00849136996455191,1557.45,1579.28,0.01400999062576247,-0.16993362058732953,-0.16838857118785078,coin1,,0.005970141539640483,0.4321260129692035,0.4570720737668622,0.5390799312211734,42048.23463525152,6,1000.0,23000.0,0.005948530824463116,1005.9485308244631,0.5390799312211734
2022-09-05 08:00:00,20000.3,19796.84,-0.010172847407288854,1579.29,1617.8,0.02439086165847737,-0.1701087498752869,-0.1379411404242622,coin2,2022-09-05 08:00:00,0.02182980075534746,0.42773006097854765,0.46822045548606306,0.550847938710938,42966.13921945316,0,,23000.0,,0.0,0.550847938710938
2022-09-06 08:00:00,19795.34,18790.61,-0.05082780888262972,1617.8,1559.01,-0.036339473358882435,-0.19500990889641534,-0.15005588115033397,coin2,,-0.036339473358882435,0.4059894791857745,0.4512055707178435,0.5308304147173565,41404.7723479538,1,,23000.0,,0.0,0.5308304147173565
2022-09-07 08:00:00,18790.61,19292.84,0.026727711340930327,1559.01,1630.0,0.04553530766319658,-0.16809651936941605,-0.1171962586452483,coin2,,0.04553530766319658,0.4168406487929065,0.47175135519982864,0.5550019409684935,43290.151395542496,2,,23000.0,,0.0,0.5550019409684935
2022-09-08 08:00:00,19292.85,19319.77,0.0013958546279344564,1630.0,1635.37,0.0032944785276072253,-0.07269807275374984,0.016382744669082072,coin2,,0.0032944785276072253,0.4174224977416353,0.47330552990990415,0.5568303829457946,43432.769869771975,3,,23000.0,,0.0,0.5568303829457946
2022-09-09 08:00:00,19320.54,21360.11,0.10560891770450676,1635.37,1718.23,0.0506674330579624,0.010408669413109806,0.09021979137585334,coin2,,0.0506674330579624,0.46150603595364137,0.4972867061625777,0.5850435490983402,45633.396829670535,4,,23000.0,,0.0,0.5850435490983402
2022-09-10 08:00:00,21361.62,21648.34,0.013493844366906371,1718.24,1774.12,0.03252765927727941,0.006169009384349389,0.09640140161791688,coin2,,0.03252765927727941,0.4677335265771877,0.5134622787037546,0.6040736463257813,47117.74441341094,5,,23000.0,,0.0,0.6040736463257813
2022-09-11 08:00:00,21647.21,21826.87,0.008246821696259232,1774.12,1766.11,-0.004514914436453021,0.01995529871031665,0.0870643703913434,coin2,,-0.004514914436453021,0.47159084157223236,0.5111440404490609,0.6013463054993042,46905.01182894573,6,1000.0,24000.0,-0.006997420884242267,993.0025791157577,0.6013463054993042
2022-09-12 08:00:00,21826.87,22395.74,0.02606282989727804,1766.12,1716.37,-0.028163591169293012,0.04025338704043646,0.03059907170006171,coin2,,-0.03059318219136975,0.48388183345724367,0.496748388665233,0.5829492084150569,45470.03825637444,0,,24000.0,,0.0,0.5829492084150569
2022-09-13 08:00:00,22395.44,20173.57,-0.0992228879242214,1716.37,1574.4,-0.08271526535653728,-0.05590160650839948,-0.049596754720625746,coin1,2022-09-13 08:00:00,-0.10147483070441077,0.4358696805275488,0.455659713881356,0.5237945361818688,40855.97382218576,1,,24000.0,,0.0,0.5237945361818688
2022-09-14 08:00:00,20173.62,20226.71,0.0026341396193136912,1574.4,1638.39,0.040644054878048674,-0.06179913391319847,-0.033460955336231724,coin2,2022-09-14 08:00:00,0.03804893254668218,0.43701782212188406,0.47417957229806584,0.5437243591573734,42410.50001427512,2,,24000.0,,0.0,0.5437243591573734
2022-09-15 08:00:00,20227.17,19701.88,-0.02594737354715615,1638.4,1472.75,-0.10109924987335128,-0.02663745210846269,-0.02349189088835557,coin2,,-0.10109924987335128,0.4256783574445229,0.4262403732334648,0.4887542343086943,38122.83027607816,3,,24000.0,,0.0,0.4887542343086943
2022-09-16 08:00:00,19701.88,19803.3,0.005147732094602064,1472.76,1433.9,-0.026379222542861958,-0.011693017127799687,-0.03833514412565553,coin2,,-0.028813274486504725,0.42786963558711755,0.41499648357118674,0.4746716243991164,37024.38670313108,4,,24000.0,,0.0,0.4746716243991164
2022-09-17 08:00:00,19803.3,20113.62,0.015670115586796207,1433.9,1468.83,0.024360136690145584,0.028534522830021558,0.029486388740923353,coin1,2022-09-17 08:00:00,0.013130940297829241,0.43457440223284804,0.4251058546369106,0.48090450916017485,37510.55171449364,5,,24000.0,,0.0,0.48090450916017485
2022-09-18 08:00:00,20112.61,19416.18,-0.03467501126102601,1468.82,1334.51,-0.09144693395423564,-0.0428651076397053,-0.14002448769171283,coin2,2022-09-18 08:00:00,-0.09371831661935004,0.4195055299416704,0.3862312276243701,0.43583494810702844,33995.125952348215,6,1000.0,25000.0,-0.09370648215044686,906.2935178495532,0.43583494810702844
2022-09-19 08:00:00,19417.45,19537.02,0.006223675305853105,1334.51,1375.98,0.031075076245213662,-0.013862543572825237,-0.09747538682531032,coin1,2022-09-19 08:00:00,0.0036487413059040907,0.4221163961490372,0.3982333924710799,0.43742519708474314,34119.16537260997,0,,25000.0,,0.0,0.43742519708474314
2022-09-20 08:00:00,19537.02,18875.0,-0.03388541343562124,1375.98,1322.93,-0.03855433945260833,-0.05860443031977025,-0.14874847178431239,coin1,,-0.03388541343562124,0.4078128075475726,0.3828797670763861,0.42260286343436854,32963.02334788074,1,,25000.0,,0.0,0.42260286343436854
2022-09-21 08:00:00,18874.31,18461.36,-0.021914701986754936,1322.94,1245.78,-0.058317522469064964,-0.08295970585342538,-0.21459373581479801,coin1,,-0.021914701986754936,0.3988757114037857,0.3605511676569586,0.41334164762345504,32240.648514629494,2,,25000.0,,0.0,0.41334164762345504
2022-09-22 08:00:00,18461.36,19401.63,0.050931784007245406,1245.79,1326.46,0.06476263866814369,-0.027577879957056628,-0.15799028787253622,coin1,,0.050931784007245406,0.4191911629827397,0.3839014126493035,0.4343938751414118,33882.72226103012,3,,25000.0,,0.0,0.4343938751414118
2022-09-23 08:00:00,19401.63,19289.91,-0.00575827907242854,1326.47,1327.25,0.0005955701641964239,-0.027329201942325354,-0.1478111797413738,coin1,,-0.00575827907242854,0.4167773432815892,0.3841300528766703,0.4318925139809939,33687.61609051752,4,,25000.0,,0.0,0.4318925139809939
2022-09-24 08:00:00,19288.57,18920.5,-0.019150426310957425,1327.24,1317.13,-0.007624788095686452,-0.05398919016214754,-0.16599336406463694,coin1,,-0.019150426310957425,0.40879587948099855,0.38120114262230087,0.4236215882177467,33042.48388098424,5,,25000.0,,0.0,0.4236215882177467
2022-09-25 08:00:00,18921.99,18807.38,-0.005978700351470523,1317.13,1294.63,-0.017082596250939552,-0.04998070399114196,-0.1997589318828037,coin1,,-0.005978700351470523,0.40635181141266574,0.3746892374124873,0.42108888167937875,32844.932770991545,6,1000.0,26000.0,-0.008535634835843409,991.4643651641566,0.42108888167937875
2022-09-26 08:00:00,18809.13,19227.82,0.022355054239346472,1294.62,1336.17,0.03208638761653915,0.02326747242372651,-0.14293686377893655,coin1,,0.022355054239346472,0.41543582819705255,0.38671166151984976,0.430502346468907,33579.18302457475,0,,26000.0,,0.0,0.430502346468907
2022-09-27 08:00:00,19226.68,19079.13,-0.007733065942992945,1336.17,1328.02,-0.006099523264255335,-0.01107716645138812,-0.1852638036809816,coin1,,-0.007733065942992945,0.4122232355425229,0.3843529047438506,0.42717324343504975,33319.51298793388,1,,26000.0,,0.0,0.42717324343504975
2022-09-28 08:00:00,19078.1,19412.82,0.017489791201171112,1328.01,1337.2,0.0069125464977937146,0.004816309925014695,-0.18232571222414495,coin1,,0.017489791201171112,0.41943293386043273,0.38700976206945453,0.4346444142694558,33902.26431301756,2,,26000.0,,0.0,0.4346444142694558
2022-09-29 08:00:00,19412.82,19591.51,0.009204742020994416,1337.2,1335.7,-0.0011217469338916652,-0.0827991990677952,-0.22263026486558846,coin1,,0.009204742020994416,0.4232937058117268,0.386575635055467,0.4386452039736724,34214.32590994645,3,,26000.0,,0.0,0.4386452039736724
2022-09-30 08:00:00,19590.54,19422.61,-0.008621081274490683,1335.69,1328.72,-0.005225724339297799,-0.10281296395012274,-0.25105404369490225,coin1,,-0.008621081274490683,0.41964445637094355,0.38455549735037814,0.4348636080195498,33919.36142552488,4,,26000.0,,0.0,0.4348636080195498
2022-10-01 08:00:00,19422.61,19310.95,-0.005748969886127497,1328.71,1311.79,-0.01274158588716967,-0.1152670996803481,-0.2572433200650016,coin1,,-0.005748969886127497,0.4172319330283866,0.37965565045250504,0.43236359023247267,33724.360038132865,5,,26000.0,,0.0,0.43236359023247267
2022-10-02 08:00:00,19312.24,19056.8,-0.01316092683166814,1311.79,1276.72,-0.02673446207091068,-0.14908817480467274,-0.25615106299923673,coin1,,-0.01316092683166814,0.41174077408596454,0.3695057608654756,0.42667328465674575,33280.51620322617,6,1000.0,27000.0,-0.015687625672627825,984.3123743273721,0.42667328465674575
2022-10-03 08:00:00,19057.74,19629.08,0.03003022543134226,1276.72,1323.09,0.03631963155586182,-0.026990264985324752,-0.1596227134146343,coin1,,0.03003022543134226,0.4241054423510414,0.3829260739578781,0.4394863795805191,34279.93760728049,0,,27000.0,,0.0,0.4394863795805191
2022-10-04 08:00:00,19629.08,20337.82,0.03610663362725086,1323.1,1361.49,0.029022968959027784,0.005493231474619442,-0.16900737919542974,coin1,,0.03610663362725086,0.43941846217733366,0.39403972551595995,0.4553547532721998,35517.670755231586,1,,27000.0,,0.0,0.4553547532721998
2022-10-05 08:00:00,20337.82,20158.26,-0.00882887153097045,1361.5,1352.2,-0.006823406708826307,0.02316428685993399,-0.08185367509760644,coin1,,-0.00882887153097045,0.4355388930264334,0.39135103220933026,0.45133448465454284,35204.08980305434,2,,27000.0,,0.0,0.45133448465454284
2022-10-06 08:00:00,20158.26,19960.67,-0.00980193727037948,1352.2,1352.06,-0.00010353498003257133,0.007946655355420607,-0.057075109840295846,coin1,,-0.00980193727037948,0.43126976811817774,0.3913105136880247,0.446910532348,34859.021523144,3,,27000.0,,0.0,0.446910532348
2022-10-07 08:00:00,19960.67,19530.09,-0.02157142019781888,1352.07,1331.1,-0.015502270609292546,-0.029011684619675515,-0.09376850963011374,coin1,,-0.02157142019781888,0.42196666673148464,0.3852443122125717,0.43727003746389037,34107.062922183446,4,,27000.0,,0.0,0.43727003746389037
2022-10-08 08:00:00,19530.09,19417.96,-0.005741396993050318,1331.1,1315.48,-0.011734655548042872,9.167611754734573e-05,-0.014259915624461383,coin1,,-0.005741396993050318,0.419543988579945,0.3807236029069145,0.43475949658564417,33911.24073368024,5,,27000.0,,0.0,0.43475949658564417
2022-10-09 08:00:00,19416.52,19439.02,0.0010845629510001231,1315.48,1323.13,0.005815367774500535,-0.0050161181183210335,-0.03840898850273977,coin1,,0.0010845629510001231,0.41999901044627364,0.38293765067825114,0.43523102062823643,33948.01960900244,6,1000.0,28000.0,-0.001337848342661041,998.662151657339,0.43523102062823643
2022-10-10 08:00:00,19439.96,19131.87,-0.015800693656367493,1323.13,1290.03,-0.025016438294045318,0.013609006622516517,-0.024869040689983635,coin1,,-0.015800693656367493,0.4133627347462346,0.373357914569592,0.4283540686015415,33411.61735092024,0,,28000.0,,0.0,0.4283540686015415
2022-10-11 08:00:00,19131.87,19060.0,-0.003756559081783406,1290.03,1280.11,-0.007689743649372582,0.03242664679091889,0.02755703254186126,coin1,,-0.003756559081783406,0.4118099132109528,0.3704868879170875,0.4267449312349175,33286.104636323566,1,,28000.0,,0.0,0.4267449312349175
2022-10-12 08:00:00,19060.0,19155.53,0.005012067156348277,1280.11,1294.44,0.011194350485505211,-0.012684501250668223,-0.024139438807050384,coin1,,0.005012067156348277,0.41387393215161605,0.3746342479907155,0.42888380548889815,33452.93682813406,2,,28000.0,,0.0,0.42888380548889815
2022-10-13 08:00:00,19155.1,19375.13,0.011464052417239357,1294.44,1287.08,-0.005685856432125158,0.004417853686201845,-0.030265586739498973,coin1,,0.011464052417239357,0.4186186046039312,0.3725041314420831,0.433800551915928,33836.44304944238,3,,28000.0,,0.0,0.433800551915928
2022-10-14 08:00:00,19375.58,19176.93,-0.010229608781979871,1287.08,1296.27,0.007140193305777531,0.013553024497238386,-0.015837464790871114,coin1,,-0.010229608781979871,0.4143363000499746,0.3751638829477803,0.4293629419804211,33490.309474472844,4,,28000.0,,0.0,0.4293629419804211
2022-10-15 08:00:00,19176.93,19069.39,-0.005607779764540077,1296.26,1274.92,-0.01647033411249188,0.013931233377535657,-0.015224427056379053,coin1,,-0.005607779764540077,0.41201279333084,0.3689848084486905,0.4269551691627399,33302.50319469371,5,,28000.0,,0.0,0.4269551691627399
2022-10-16 08:00:00,19068.4,19262.98,0.010151871664484391,1274.93,1305.95,0.024338782041226192,0.0018286004341625528,-0.022616882582306208,coin1,,0.010151871664484391,0.4161954943328604,0.37796544927804676,0.43128956324656825,33640.58593323232,6,1000.0,29000.0,0.00768510432923164,1007.6851043292316,0.43128956324656825
2022-10-17 08:00:00,19262.98,19549.86,0.01489281513036933,1305.96,1331.4,0.01948772923925124,0.024672508652124003,0.0025451423924338634,coin1,,0.01489281513036933,0.42239381688805233,0.3853311376153693,0.4377126789796571,34141.58896041325,0,,29000.0,,0.0,0.4377126789796571
2022-10-18 08:00:00,19548.48,19327.44,-0.011377063569764756,1331.39,1310.71,-0.01554003304791951,-0.004398124538320558,-0.019810050852527628,coin1,,-0.011377063569764756,0.4175882155818414,0.379343079002434,0.4327327940056135,33753.157932437854,1,,29000.0,,0.0,0.4327327940056135
2022-10-19 08:00:00,19327.44,19123.97,-0.01052751942316199,1310.71,1285.09,-0.019546657918227628,-0.023864418822234557,-0.03789024481545267,coin1,,-0.01052751942316199,0.41319204753141997,0.37192818960352625,0.42817719111168023,33397.82090671106,2,,29000.0,,0.0,0.42817719111168023
2022-10-20 08:00:00,19123.35,19041.92,-0.004290427144573172,1285.09,1282.57,-0.0019609521512111705,-0.019600352372827423,-0.034732675055692774,coin1,,-0.004290427144573172,0.41141927715476945,0.37119885622002713,0.42634012806824756,33254.52998932331,3,,29000.0,,0.0,0.42634012806824756
2022-10-21 08:00:00,19041.92,19164.37,0.006430549020266962,1282.57,1299.75,0.013394980390933897,-0.0075905121187720415,-0.009178298355681958,coin1,,0.006430549020266962,0.41406492898439595,0.37617105762023145,0.4290817291610973,33468.37487456559,4,,29000.0,,0.0,0.4290817291610973
2022-10-22 08:00:00,19164.37,19204.35,0.002086163020229792,1299.76,1313.61,0.010663589151759911,0.007742643046051656,0.0288943542828497,coin1,,-0.0004190523873207619,0.41492873592721724,0.3801823912294766,0.42890192143813666,33454.34987217466,5,,29000.0,,0.0,0.42890192143813666
2022-10-23 08:00:00,19204.29,19570.4,0.019060785707404992,1313.62,1364.2,0.03851219159415664,-0.002989442194947456,0.03107120452879264,coin2,2022-10-23 08:00:00,0.035914499617493156,0.42283760364657036,0.39482404832123086,0.4443057193315687,34655.84610786236,6,1000.0,30000.0,0.035914499617493156,1035.9144996174932,0.4443057193315687
2022-10-24 08:00:00,19570.4,19329.72,-0.012298164575072601,1364.19,1343.61,-0.01509309485412702,-0.04956775111590128,-0.013132670823876813,coin2,,-0.01509309485412702,0.4176374772083955,0.3888649315092281,0.4375997709654662,34132.78213530636,0,,30000.0,,0.0,0.4375997709654662
2022-10-25 08:00:00,19330.6,20080.07,0.03881846193323013,1343.61,1459.74,0.08643133052001706,-0.0038788070002072628,0.07952965537642354,coin2,,0.08643133052001706,0.4338495217192999,0.42247504493214594,0.4754221014052662,37082.92390961076,1,,30000.0,,0.0,0.4754221014052662
2022-10-26 08:00:00,20079.02,20771.59,0.03443812695872084,1459.74,1566.1,0.07286229054489146,0.04062589081428647,0.1583065840273361,coin2,,0.07286229054489146,0.4487904866292495,0.45325754440395805,0.5100624446893196,39784.87068576693,2,,30000.0,,0.0,0.5100624446893196
2022-10-27 08:00:00,20771.61,20295.11,-0.022939023926430213,1566.11,1514.05,-0.033235425579464906,0.039171350464846766,0.13744271655022167,coin2,,-0.033235425579464906,0.43849567091850683,0.4381933370185893,0.4931103022679678,38462.60357690149,3,,30000.0,,0.0,0.4931103022679678
2022-10-28 08:00:00,20295.11,20591.84,0.014620763326732344,1514.04,1554.41,0.026656979624186894,0.060453312294391326,0.1816295192629307,coin2,,0.026656979624186894,0.44490681234280305,0.4498742478749483,0.5062551335480017,39487.90041674413,4,,30000.0,,0.0,0.5062551335480017
2022-10-29 08:00:00,20591.84,20679.51,0.004257511713377626,1554.4,1584.17,0.019145527885178204,0.06381443097440087,0.19728975988753938,coin2,,0.019145527885178204,0.446801008307714,0.4584873278324617,0.5159476553243596,40243.91711530005,5,,30000.0,,0.0,0.5159476553243596
