candle_end_time,open,high,low,close,volume
2020-11-12 08:00:00,463.09,470.0,451.2,462.39,990776.62912
2020-11-13 08:00:00,462.48,478.01,457.12,476.43,976665.09752
2020-11-14 08:00:00,476.42,477.47,452.0,460.89,735252.7854
2020-11-15 08:00:00,460.9,462.89,440.19,448.08,665217.56671
2020-11-16 08:00:00,448.07,466.0,445.45,460.55,812060.44638
2020-11-17 08:00:00,460.51,484.88,459.8,482.15,1151573.37456
2020-11-18 08:00:00,482.11,495.31,456.6,478.41,1477696.29116
2020-11-19 08:00:00,478.43,480.75,464.86,471.25,817418.52685
2020-11-20 08:00:00,471.26,514.4,470.65,510.12,1516361.90736
2020-11-21 08:00:00,510.12,553.32,502.82,552.35,1548851.29067
2020-11-22 08:00:00,552.42,580.88,511.28,560.03,1850317.93581
2020-11-23 08:00:00,560.03,610.85,550.12,608.58,2076008.84846
2020-11-24 08:00:00,608.58,623.0,585.0,604.97,1606450.49193
2020-11-25 08:00:00,604.98,606.0,553.83,569.5,1219440.02727
2020-11-26 08:00:00,569.38,577.14,481.0,519.83,2683460.74171
2020-11-27 08:00:00,519.83,530.62,493.72,518.68,1088064.28114
2020-11-28 08:00:00,518.59,547.94,506.59,537.52,900508.61431
2020-11-29 08:00:00,537.5,576.9,530.32,576.3,855276.46664
2020-11-30 08:00:00,576.32,616.85,570.07,616.66,1501989.45408
2020-12-01 08:00:00,616.65,635.7,560.0,585.26,2163875.81376
2020-12-02 08:00:00,585.26,604.93,575.0,596.89,1069538.65619
2020-12-03 08:00:00,596.88,623.44,585.82,615.85,935687.91723
2020-12-04 08:00:00,615.84,620.0,565.82,567.24,1052452.78666
2020-12-05 08:00:00,567.24,597.11,560.88,596.8,701567.95564
2020-12-06 08:00:00,596.82,607.5,583.0,601.54,602496.96339
2020-12-07 08:00:00,601.59,603.15,584.22,591.28,498329.37589
2020-12-08 08:00:00,591.27,595.0,549.22,554.94,804443.00717
2020-12-09 08:00:00,554.92,578.08,530.43,573.09,997192.16738
2020-12-10 08:00:00,573.2,575.7,548.11,558.99,608414.51466
2020-12-11 08:00:00,558.99,560.8,535.5,544.43,768921.78317
2020-12-12 08:00:00,544.46,574.0,543.1,568.04,573913.95311
2020-12-13 08:00:00,568.09,595.0,563.22,590.7,657794.46158
2020-12-14 08:00:00,590.81,591.48,575.6,586.29,493012.02706
2020-12-15 08:00:00,586.29,597.2,578.58,588.64,569270.52011
2020-12-16 08:00:00,588.78,640.0,580.71,637.18,1185588.05078
2020-12-17 08:00:00,637.18,676.25,625.76,642.7,2006130.01975
2020-12-18 08:00:00,642.71,664.61,629.4,653.85,1000012.98018
2020-12-19 08:00:00,653.76,669.95,645.42,658.03,858803.88459
2020-12-20 08:00:00,658.05,661.39,621.01,638.18,823958.22843
2020-12-21 08:00:00,638.1,648.0,595.9,607.58,843251.16565
2020-12-22 08:00:00,607.68,637.73,588.0,636.45,918851.25654
2020-12-23 08:00:00,636.41,638.44,551.28,585.56,1208807.36518
2020-12-24 08:00:00,585.48,615.02,565.43,612.31,886335.86333
2020-12-25 08:00:00,612.31,634.24,604.28,626.82,798009.62915
2020-12-26 08:00:00,626.78,652.91,615.26,637.44,958585.50647
2020-12-27 08:00:00,637.44,717.13,625.0,685.11,1859968.15029
2020-12-28 08:00:00,685.1,748.09,681.04,730.41,1627154.39266
2020-12-29 08:00:00,730.4,740.78,689.2,732.0,1106876.35855
2020-12-30 08:00:00,732.0,758.74,716.62,752.17,1008574.09906
2020-12-31 08:00:00,752.17,755.74,722.0,736.42,863375.57981
2021-01-01 08:00:00,736.42,749.0,714.29,728.91,675114.09329
2021-01-02 08:00:00,728.91,787.69,714.91,774.56,1352618.57668
2021-01-03 08:00:00,774.44,1011.07,768.71,978.28,2813603.88615
2021-01-04 08:00:00,978.33,1162.97,890.0,1041.43,4245010.94004
2021-01-05 08:00:00,1041.45,1134.6,974.45,1099.56,2706995.67525
2021-01-06 08:00:00,1100.16,1213.0,1057.26,1208.42,2390136.59334
2021-01-07 08:00:00,1208.75,1289.0,1131.0,1224.87,1972922.82059
2021-01-08 08:00:00,1224.86,1273.75,1065.0,1216.93,2131172.92341
2021-01-09 08:00:00,1216.72,1304.37,1171.36,1276.0,1448871.11514
2021-01-10 08:00:00,1276.0,1348.33,1170.0,1254.25,1951179.35003
2021-01-11 08:00:00,1254.24,1260.0,915.0,1087.01,4068784.65678
2021-01-12 08:00:00,1087.0,1150.02,1006.33,1050.16,2302645.34052
2021-01-13 08:00:00,1050.36,1137.65,987.48,1129.89,1564202.39081
2021-01-14 08:00:00,1129.79,1247.55,1086.7,1231.62,1555737.38556
2021-01-15 08:00:00,1231.89,1256.98,1069.42,1168.53,1944038.83738
2021-01-16 08:00:00,1168.48,1298.0,1151.77,1227.83,1575384.43797
2021-01-17 08:00:00,1227.83,1269.02,1165.0,1232.45,1317285.00579
2021-01-18 08:00:00,1232.5,1260.75,1182.58,1258.45,998050.11073
2021-01-19 08:00:00,1258.52,1438.3,1251.49,1365.36,2278852.55758
2021-01-20 08:00:00,1365.36,1407.93,1235.42,1376.99,2219137.62144
2021-01-21 08:00:00,1376.72,1390.0,1086.0,1110.96,2254164.80365
2021-01-22 08:00:00,1111.98,1273.79,1042.31,1232.62,2020593.21673
2021-01-23 08:00:00,1232.61,1272.44,1195.9,1233.6,1009545.08258
2021-01-24 08:00:00,1233.46,1398.83,1220.0,1392.51,1510879.53817
2021-01-25 08:00:00,1392.19,1475.0,1293.69,1317.88,1885441.31289
2021-01-26 08:00:00,1317.6,1378.49,1244.56,1365.97,1682923.65799
2021-01-27 08:00:00,1366.54,1373.9,1207.0,1239.03,2009772.08358
2021-01-28 08:00:00,1238.93,1360.0,1217.23,1329.69,1365269.71962
2021-01-29 08:00:00,1329.44,1436.9,1285.35,1379.5,2253963.18682
2021-01-30 08:00:00,1379.56,1406.0,1326.41,1378.05,1040042.2363
2021-01-31 08:00:00,1378.04,1380.74,1281.12,1312.55,958704.85571
2021-02-01 08:00:00,1312.45,1377.99,1269.99,1374.17,1096397.91862
2021-02-02 08:00:00,1374.09,1547.9,1360.28,1511.87,1944227.99878
2021-02-03 08:00:00,1511.93,1669.35,1508.39,1664.49,1535869.88801
2021-02-04 08:00:00,1664.67,1695.2,1554.44,1595.67,1646502.32962
2021-02-05 08:00:00,1595.53,1760.49,1591.0,1719.19,1194123.29946
2021-02-06 08:00:00,1718.95,1743.67,1642.94,1676.35,1149808.33101
2021-02-07 08:00:00,1676.35,1693.0,1490.46,1611.62,1281734.86814
2021-02-08 08:00:00,1611.46,1775.57,1563.89,1750.15,1339777.09536
2021-02-09 08:00:00,1749.68,1821.88,1708.49,1769.13,1185071.89593
2021-02-10 08:00:00,1769.14,1837.86,1680.0,1740.78,1219932.25474
2021-02-11 08:00:00,1740.76,1819.0,1703.44,1785.62,735079.82699
2021-02-12 08:00:00,1785.83,1864.88,1739.88,1840.26,909600.20653
2021-02-13 08:00:00,1840.24,1871.72,1765.0,1814.96,767589.07285
2021-02-14 08:00:00,1815.25,1850.0,1784.11,1800.42,675261.77873
2021-02-15 08:00:00,1800.03,1835.72,1655.67,1779.25,1053474.57879
2021-02-16 08:00:00,1779.33,1827.28,1724.0,1781.99,817493.47513
2021-02-17 08:00:00,1781.99,1855.0,1733.01,1849.88,795711.63311
2021-02-18 08:00:00,1849.7,1950.5,1849.69,1939.61,937227.10191
2021-02-19 08:00:00,1938.91,1972.82,1891.0,1955.0,793404.4115
2021-02-20 08:00:00,1955.46,2042.34,1803.14,1913.0,1261315.81279
2021-02-21 08:00:00,1912.9,1976.31,1883.01,1933.53,756568.19743
2021-02-22 08:00:00,1933.54,1936.29,1551.0,1777.58,1807244.98099
2021-02-23 08:00:00,1777.42,1782.39,1355.0,1577.89,2547837.82068
2021-02-24 08:00:00,1577.79,1712.7,1500.2,1623.39,1384388.81727
2021-02-25 08:00:00,1623.16,1671.59,1459.16,1481.75,1032670.79409
2021-02-26 08:00:00,1482.08,1562.25,1400.0,1444.59,1355973.29378
2021-02-27 08:00:00,1444.56,1529.0,1425.0,1458.13,927423.0475
2021-02-28 08:00:00,1458.27,1468.75,1293.18,1419.18,1410207.56284
2021-03-01 08:00:00,1418.67,1572.0,1409.91,1569.86,1094695.17839
2021-03-02 08:00:00,1570.0,1602.9,1455.52,1486.78,1061142.38743
2021-03-03 08:00:00,1486.79,1656.94,1475.47,1567.69,1054846.31471
2021-03-04 08:00:00,1567.68,1624.87,1506.36,1539.23,946365.67088
2021-03-05 08:00:00,1539.22,1548.96,1441.66,1528.31,910786.28976
2021-03-06 08:00:00,1528.08,1671.58,1513.03,1650.35,1013300.93928
2021-03-07 08:00:00,1650.68,1734.16,1630.35,1726.16,848470.78136
2021-03-08 08:00:00,1726.46,1843.59,1664.96,1833.18,1149711.39987
2021-03-09 08:00:00,1833.22,1870.77,1798.2,1870.51,857229.47855
2021-03-10 08:00:00,1870.5,1877.69,1757.0,1795.12,937230.62831
2021-03-11 08:00:00,1795.28,1846.7,1725.0,1825.78,909011.4961
2021-03-12 08:00:00,1825.78,1841.88,1719.72,1766.1,869564.6361
2021-03-13 08:00:00,1766.13,1944.3,1727.75,1922.35,926283.22642
2021-03-14 08:00:00,1922.35,1933.1,1836.0,1848.1,637963.63627
2021-03-15 08:00:00,1848.1,1891.76,1730.0,1793.48,1025326.79658
2021-03-16 08:00:00,1793.99,1819.5,1711.68,1805.12,764993.40147
2021-03-17 08:00:00,1805.01,1838.88,1741.18,1823.58,658349.44843
2021-03-18 08:00:00,1823.58,1850.0,1759.04,1776.08,603721.61056
2021-03-19 08:00:00,1775.92,1840.61,1733.47,1809.1,500258.42875
2021-03-20 08:00:00,1809.01,1868.83,1800.86,1806.1,451556.10639
2021-03-21 08:00:00,1806.57,1817.16,1747.0,1782.98,465953.98749
2021-03-22 08:00:00,1783.23,1807.51,1655.15,1680.97,582727.49081
2021-03-23 08:00:00,1681.17,1721.17,1650.0,1668.08,577213.99589
2021-03-24 08:00:00,1668.2,1740.86,1536.92,1581.84,753834.52393
2021-03-25 08:00:00,1581.88,1622.0,1549.4,1585.74,701697.00258
2021-03-26 08:00:00,1585.83,1699.93,1585.79,1698.84,515470.92907
2021-03-27 08:00:00,1698.84,1732.67,1666.41,1712.63,443845.49957
2021-03-28 08:00:00,1712.52,1725.66,1661.4,1687.01,348895.51314
2021-03-29 08:00:00,1687.16,1841.0,1677.85,1816.74,647724.46387
2021-03-30 08:00:00,1816.76,1859.13,1786.3,1840.46,568842.00526
2021-03-31 08:00:00,1840.41,1947.29,1768.15,1919.37,746995.8591
2021-04-01 08:00:00,1919.37,1984.77,1885.02,1968.05,741585.07266
2021-04-02 08:00:00,1968.05,2146.0,1948.48,2133.69,846197.93215
2021-04-03 08:00:00,2133.69,2138.12,1996.3,2008.52,770176.32192
2021-04-04 08:00:00,2008.59,2091.83,1975.24,2075.69,514345.76554
2021-04-05 08:00:00,2075.7,2130.64,2002.15,2107.38,684923.61494
2021-04-06 08:00:00,2107.43,2151.0,2044.65,2112.21,673386.05575
2021-04-07 08:00:00,2112.22,2129.01,1930.01,1963.47,892984.90422
2021-04-08 08:00:00,1963.46,2084.61,1947.35,2080.46,501355.998
2021-04-09 08:00:00,2080.39,2100.0,2047.57,2066.87,426387.4379
2021-04-10 08:00:00,2067.19,2200.0,2058.0,2133.49,655458.20894
2021-04-11 08:00:00,2133.49,2165.02,2113.4,2151.36,392265.50773
2021-04-12 08:00:00,2151.42,2203.46,2102.0,2137.69,579093.35694
2021-04-13 08:00:00,2137.86,2318.0,2135.53,2299.19,782608.6209
2021-04-14 08:00:00,2299.19,2447.29,2281.33,2432.6,972931.60866
2021-04-15 08:00:00,2432.59,2543.47,2400.0,2514.04,681950.96645
2021-04-16 08:00:00,2514.04,2548.29,2300.0,2422.67,999163.75205
2021-04-17 08:00:00,2422.38,2495.0,2310.0,2317.6,624232.25568
2021-04-18 08:00:00,2317.65,2340.0,1946.8,2235.64,1475383.69204
2021-04-19 08:00:00,2235.65,2300.0,2080.0,2161.12,820592.26555
2021-04-20 08:00:00,2161.12,2346.62,2055.0,2330.03,992240.809
2021-04-21 08:00:00,2330.26,2469.54,2235.16,2357.06,1177885.8617
2021-04-22 08:00:00,2357.06,2644.47,2303.44,2397.94,2220753.09746
2021-04-23 08:00:00,2397.94,2442.89,2107.0,2367.39,2532242.44185
2021-04-24 08:00:00,2367.39,2368.74,2154.8,2213.35,997688.94623
2021-04-25 08:00:00,2214.08,2356.64,2168.0,2320.49,857517.38218
2021-04-26 08:00:00,2320.44,2542.8,2303.64,2532.6,1076469.01367
2021-04-27 08:00:00,2532.06,2680.0,2480.29,2666.13,771728.46451
2021-04-28 08:00:00,2666.13,2760.0,2559.44,2748.24,999383.1852
2021-04-29 08:00:00,2748.23,2798.0,2668.0,2757.04,863890.01069
2021-04-30 08:00:00,2757.04,2798.3,2723.09,2772.42,695339.20482
2021-05-01 08:00:00,2772.42,2954.28,2743.41,2944.77,690260.07741
2021-05-02 08:00:00,2944.83,2985.0,2852.26,2949.56,571982.5445
2021-05-03 08:00:00,2949.33,3454.0,2949.32,3431.04,1329088.0628
2021-05-04 08:00:00,3431.04,3527.0,3160.0,3239.01,1826039.38558
2021-05-05 08:00:00,3239.01,3549.34,3200.23,3524.26,1174816.73588
2021-05-06 08:00:00,3524.33,3605.4,3376.47,3489.73,920592.57706
2021-05-07 08:00:00,3489.74,3587.0,3353.23,3479.53,760544.64781
2021-05-08 08:00:00,3479.79,3958.33,3449.27,3910.26,1130467.54852
2021-05-09 08:00:00,3910.26,3983.65,3726.08,3923.95,1000401.0082
2021-05-10 08:00:00,3923.95,4208.0,3650.0,3945.88,1505897.92612
2021-05-11 08:00:00,3946.63,4180.22,3771.64,4173.45,1095927.10403
2021-05-12 08:00:00,4173.46,4372.72,3701.58,3823.21,1601842.74017
2021-05-13 08:00:00,3810.15,4034.77,3500.0,3717.91,2068708.17427
2021-05-14 08:00:00,3717.92,4173.28,3691.35,4075.01,1153390.42631
2021-05-15 08:00:00,4075.02,4134.05,3632.0,3646.68,1039174.88082
2021-05-16 08:00:00,3646.24,3879.0,3343.06,3582.1,1324065.65875
2021-05-17 08:00:00,3581.81,3587.06,3102.0,3282.51,1904012.43998
2021-05-18 08:00:00,3282.25,3565.71,3240.0,3375.07,1287110.84143
2021-05-19 08:00:00,3375.08,3441.73,1888.0,2438.92,4309836.31939
2021-05-20 08:00:00,2438.92,2990.05,2155.0,2768.62,2942777.9301
2021-05-21 08:00:00,2767.87,2938.54,2101.0,2430.98,2727031.93514
2021-05-22 08:00:00,2430.98,2485.0,2145.0,2294.87,1684318.01157
2021-05-23 08:00:00,2295.45,2381.57,1728.74,2096.39,2914548.73125
2021-05-24 08:00:00,2096.63,2675.0,2079.94,2648.43,2186632.92245
2021-05-25 08:00:00,2647.92,2750.0,2378.54,2705.11,2115349.50445
2021-05-26 08:00:00,2705.1,2910.0,2643.0,2884.94,1583799.59251
2021-05-27 08:00:00,2884.82,2889.74,2633.68,2742.23,1099029.91206
2021-05-28 08:00:00,2742.23,2762.45,2327.38,2412.1,1554584.61362
2021-05-29 08:00:00,2412.34,2574.27,2204.1,2278.74,1379427.18851
2021-05-30 08:00:00,2278.74,2476.42,2180.53,2385.98,1151113.19883
2021-05-31 08:00:00,2385.82,2720.0,2271.44,2706.15,1307958.04068
2021-06-01 08:00:00,2706.15,2740.0,2523.74,2634.57,1179577.10806
2021-06-02 08:00:00,2634.31,2802.99,2550.0,2706.22,970070.53563
2021-06-03 08:00:00,2706.21,2891.95,2662.4,2857.25,1024290.89423
2021-06-04 08:00:00,2857.25,2860.0,2552.0,2689.51,1188314.11191
2021-06-05 08:00:00,2689.54,2816.87,2552.23,2627.73,961824.12413
2021-06-06 08:00:00,2627.63,2745.0,2614.0,2711.92,673792.69369
2021-06-07 08:00:00,2711.92,2847.55,2570.0,2592.05,1152128.07856
2021-06-08 08:00:00,2592.05,2620.99,2304.91,2507.23,1693747.42759
2021-06-09 08:00:00,2507.43,2626.63,2405.28,2610.18,1276718.24011
2021-06-10 08:00:00,2610.2,2624.46,2425.11,2471.09,741237.49926
2021-06-11 08:00:00,2471.01,2497.99,2321.37,2354.01,587364.27358
2021-06-12 08:00:00,2354.09,2454.53,2256.22,2370.74,767439.4984
2021-06-13 08:00:00,2370.64,2548.41,2308.41,2509.33,715948.75986
2021-06-14 08:00:00,2509.33,2609.17,2461.0,2580.77,684183.55622
2021-06-15 08:00:00,2580.58,2640.0,2507.7,2543.54,599826.64933
2021-06-16 08:00:00,2543.55,2556.19,2351.18,2367.89,624741.78358
2021-06-17 08:00:00,2368.02,2460.5,2306.0,2373.28,560667.58566
2021-06-18 08:00:00,2373.28,2378.0,2139.0,2234.09,778905.20197
2021-06-19 08:00:00,2234.09,2278.82,2161.67,2164.67,496872.24997
2021-06-20 08:00:00,2165.34,2280.01,2040.68,2243.47,743883.64741
2021-06-21 08:00:00,2243.49,2260.16,1865.54,1885.49,1629819.66576
2021-06-22 08:00:00,1885.27,1998.0,1700.48,1879.28,1695338.08052
2021-06-23 08:00:00,1879.29,2045.0,1821.95,1968.14,918612.30494
2021-06-24 08:00:00,1967.95,2036.61,1884.79,1989.52,701231.67478
2021-06-25 08:00:00,1989.53,2019.99,1791.22,1808.82,858808.54767
2021-06-26 08:00:00,1808.97,1852.8,1717.32,1829.64,832315.14904
2021-06-27 08:00:00,1829.84,1984.5,1804.26,1982.28,696055.79307
2021-06-28 08:00:00,1982.27,2145.0,1960.52,2084.41,1044244.68308
2021-06-29 08:00:00,2084.42,2245.0,2073.57,2165.33,831257.23277
2021-06-30 08:00:00,2165.46,2287.78,2087.99,2275.68,910583.6032
2021-07-01 08:00:00,2275.68,2275.93,2073.12,2106.41,787865.25137
2021-07-02 08:00:00,2106.41,2160.0,2018.5,2154.13,672282.37476
2021-07-03 08:00:00,2153.95,2240.0,2112.01,2226.99,569264.801
2021-07-04 08:00:00,2226.99,2389.93,2189.58,2322.69,590656.25069
2021-07-05 08:00:00,2322.69,2324.64,2157.32,2196.53,781806.31605
2021-07-06 08:00:00,2196.85,2350.0,2193.0,2322.5,785330.17152
2021-07-07 08:00:00,2322.51,2409.0,2291.9,2316.57,666501.35572
2021-07-08 08:00:00,2316.25,2325.6,2084.79,2116.33,880265.04124
2021-07-09 08:00:00,2116.32,2189.4,2046.51,2146.99,738611.36304
2021-07-10 08:00:00,2146.99,2194.82,2074.16,2110.69,499071.85904
2021-07-11 08:00:00,2110.68,2174.0,2081.02,2140.45,342294.40302
2021-07-12 08:00:00,2140.54,2167.83,2006.68,2031.58,540630.10742
2021-07-13 08:00:00,2031.57,2047.35,1918.0,1940.15,647388.24969
2021-07-14 08:00:00,1940.44,2019.18,1865.0,1994.58,690505.60937
2021-07-15 08:00:00,1994.41,2042.88,1881.0,1919.51,645271.32563
2021-07-16 08:00:00,1919.54,1965.0,1850.0,1876.26,577068.89724
2021-07-17 08:00:00,1876.47,1919.19,1844.45,1899.59,430300.51578
2021-07-18 08:00:00,1899.5,1993.79,1877.1,1891.64,534837.63654
2021-07-19 08:00:00,1891.65,1919.0,1805.0,1818.73,547419.93771
2021-07-20 08:00:00,1818.73,1841.34,1706.0,1786.03,786257.272
2021-07-21 08:00:00,1786.03,2035.23,1747.55,1995.5,1115949.82033
2021-07-22 08:00:00,1995.5,2046.0,1947.62,2024.56,768854.3659
2021-07-23 08:00:00,2024.27,2130.9,1993.22,2124.25,708160.91322
2021-07-24 08:00:00,2124.26,2199.5,2105.58,2184.75,633075.18592
2021-07-25 08:00:00,2184.9,2197.41,2105.93,2189.79,535630.27
2021-07-26 08:00:00,2189.82,2433.65,2171.57,2228.08,1393738.163
2021-07-27 08:00:00,2227.81,2319.26,2150.5,2299.49,906359.23478
2021-07-28 08:00:00,2299.47,2345.0,2243.15,2300.9,718202.57727
2021-07-29 08:00:00,2300.9,2400.0,2266.12,2382.92,499364.83496
2021-07-30 08:00:00,2382.93,2471.7,2315.92,2461.81,762577.28797
2021-07-31 08:00:00,2461.77,2553.86,2420.68,2531.05,507601.05026
2021-08-01 08:00:00,2531.1,2697.61,2511.24,2555.69,853495.94078
2021-08-02 08:00:00,2555.5,2666.0,2507.0,2606.93,726701.84952
2021-08-03 08:00:00,2606.92,2632.44,2442.32,2509.04,792960.84375
2021-08-04 08:00:00,2508.51,2772.71,2457.68,2724.78,954590.7536
2021-08-05 08:00:00,2724.55,2843.98,2529.91,2826.99,1307720.20654
2021-08-06 08:00:00,2827.01,2946.75,2720.06,2891.58,825399.48637
2021-08-07 08:00:00,2891.54,3171.0,2865.5,3160.31,1205277.10095
2021-08-08 08:00:00,3160.48,3189.99,2949.03,3011.85,966349.70579
2021-08-09 08:00:00,3011.84,3186.0,2893.23,3160.52,1129584.61614
2021-08-10 08:00:00,3160.51,3233.0,3051.22,3141.66,880675.74443
2021-08-11 08:00:00,3141.14,3274.0,3120.27,3160.5,732546.60433
2021-08-12 08:00:00,3160.4,3239.0,2979.29,3045.96,737628.45808
2021-08-13 08:00:00,3046.11,3327.83,3033.8,3322.32,579333.40323
2021-08-14 08:00:00,3322.33,3330.98,3200.0,3263.16,486102.53787
2021-08-15 08:00:00,3263.16,3320.0,3111.13,3307.09,565579.67765
2021-08-16 08:00:00,3307.35,3335.0,3135.22,3146.53,635667.05422
2021-08-17 08:00:00,3147.18,3290.0,2991.89,3011.72,804996.06971
2021-08-18 08:00:00,3011.73,3125.81,2950.0,3014.55,625103.25568
2021-08-19 08:00:00,3014.18,3188.0,2958.33,3184.12,634769.92174
2021-08-20 08:00:00,3184.11,3300.0,3177.16,3284.82,558127.4554
2021-08-21 08:00:00,3284.81,3309.16,3207.0,3223.43,421156.09084
2021-08-22 08:00:00,3223.36,3272.0,3126.42,3238.0,406479.07654
2021-08-23 08:00:00,3238.0,3377.89,3230.02,3321.28,602103.44614
2021-08-24 08:00:00,3321.28,3357.85,3147.31,3170.62,540480.07853
2021-08-25 08:00:00,3170.63,3248.0,3080.0,3226.87,483697.69444
2021-08-26 08:00:00,3226.88,3250.0,3053.3,3093.2,442298.47372
2021-08-27 08:00:00,3093.06,3280.0,3060.18,3273.45,451027.80711
2021-08-28 08:00:00,3273.89,3287.0,3210.31,3244.48,262360.34921
2021-08-29 08:00:00,3244.75,3285.0,3152.34,3223.47,335806.7827
2021-08-30 08:00:00,3223.47,3347.95,3143.0,3229.64,625347.27541
2021-08-31 08:00:00,3229.14,3476.0,3188.77,3429.2,863071.13092
2021-09-01 08:00:00,3429.19,3842.0,3382.22,3826.82,845759.95868
2021-09-02 08:00:00,3826.82,3836.8,3717.04,3785.82,525165.7996
2021-09-03 08:00:00,3785.82,4027.88,3705.05,3938.11,655903.75739
2021-09-04 08:00:00,3938.11,3970.0,3832.5,3885.52,364478.1193
2021-09-05 08:00:00,3885.61,3980.0,3830.0,3950.29,365759.8597
2021-09-06 08:00:00,3950.28,3970.0,3864.3,3926.77,397768.5783
2021-09-07 08:00:00,3926.67,3947.15,3005.0,3434.57,1203536.00209
2021-09-08 08:00:00,3434.84,3560.0,3215.16,3499.0,780611.7657
2021-09-09 08:00:00,3499.01,3567.06,3390.4,3424.93,628553.8831
2021-09-10 08:00:00,3424.94,3514.11,3150.0,3208.86,633026.2659
2021-09-11 08:00:00,3208.85,3348.37,3200.0,3267.21,413524.1761
2021-09-12 08:00:00,3267.1,3474.16,3231.1,3404.21,408858.9595
2021-09-13 08:00:00,3404.3,3430.3,3108.49,3285.35,647855.7199
2021-09-14 08:00:00,3285.09,3437.05,3269.95,3434.37,373634.9026
2021-09-15 08:00:00,3434.37,3616.16,3357.78,3613.55,428507.5278
2021-09-16 08:00:00,3613.55,3676.28,3481.14,3567.98,467985.4919
2021-09-17 08:00:00,3567.97,3594.17,3350.07,3399.81,398888.3705
2021-09-18 08:00:00,3399.89,3541.96,3368.88,3435.64,315162.7627
2021-09-19 08:00:00,3435.64,3456.53,3277.74,3328.62,312948.0013
2021-09-20 08:00:00,3328.57,3347.82,2913.39,2977.28,917939.57849
2021-09-21 08:00:00,2977.32,3105.83,2652.0,2765.9,971519.88941
2021-09-22 08:00:00,2766.72,3088.88,2737.54,3076.92,677457.64825
2021-09-23 08:00:00,3076.92,3174.5,3033.85,3152.5,459293.8858
2021-09-24 08:00:00,3152.41,3158.52,2733.0,2928.53,932090.8856
2021-09-25 08:00:00,2928.22,2967.52,2801.57,2921.73,491974.0226
2021-09-26 08:00:00,2921.84,3115.51,2738.17,3059.37,703594.478
2021-09-27 08:00:00,3059.36,3164.94,2922.71,2925.59,510130.7319
2021-09-28 08:00:00,2924.76,2970.82,2789.0,2804.91,511325.4643
2021-09-29 08:00:00,2805.15,2950.0,2782.0,2850.45,411305.0893
2021-09-30 08:00:00,2850.45,3048.42,2837.19,3000.61,506896.7612
2021-10-01 08:00:00,3000.62,3330.0,2969.07,3309.91,648714.6151
2021-10-02 08:00:00,3309.91,3469.0,3257.0,3387.76,422551.1811
2021-10-03 08:00:00,3387.77,3488.0,3342.51,3417.73,360586.8905
2021-10-04 08:00:00,3417.73,3437.19,3270.0,3386.31,485204.642
2021-10-05 08:00:00,3386.31,3545.0,3363.78,3515.27,393900.8818
2021-10-06 08:00:00,3515.48,3632.11,3342.0,3574.89,618265.5402
2021-10-07 08:00:00,3574.88,3653.98,3470.8,3587.47,486102.3591
2021-10-08 08:00:00,3587.47,3695.0,3532.0,3563.13,403597.1437
2021-10-09 08:00:00,3563.13,3635.0,3538.07,3574.82,361906.7514
2021-10-10 08:00:00,3574.83,3604.0,3405.0,3414.22,580223.6302
2021-10-11 08:00:00,3414.22,3623.8,3371.0,3542.12,493521.882
2021-10-12 08:00:00,3542.12,3547.11,3403.21,3491.46,409377.1918
2021-10-13 08:00:00,3491.43,3613.0,3412.7,3607.42,393463.1222
2021-10-14 08:00:00,3607.41,3824.0,3586.04,3790.82,481894.1473
2021-10-15 08:00:00,3790.82,3907.77,3734.1,3868.99,504321.732
2021-10-16 08:00:00,3868.38,3971.0,3803.56,3829.96,373727.8549
2021-10-17 08:00:00,3829.96,3919.19,3640.0,3846.85,368898.9831
2021-10-18 08:00:00,3847.0,3893.14,3676.0,3744.96,401819.9734
2021-10-19 08:00:00,3744.96,3886.89,3732.0,3877.03,341268.3723
2021-10-20 08:00:00,3876.98,4169.0,3828.05,4161.15,537383.09732
2021-10-21 08:00:00,4161.37,4375.0,4013.13,4052.99,798566.55805
2021-10-22 08:00:00,4053.0,4167.41,3888.0,3972.2,463222.5428
2021-10-23 08:00:00,3972.19,4172.0,3937.51,4167.12,326576.9601
2021-10-24 08:00:00,4167.13,4186.57,3961.5,4082.33,350115.8386
2021-10-25 08:00:00,4082.33,4236.0,4067.71,4220.37,347438.6534
2021-10-26 08:00:00,4220.36,4297.0,4090.21,4131.52,414498.1599
2021-10-27 08:00:00,4131.52,4307.0,3909.0,3922.0,704604.25
2021-10-28 08:00:00,3921.99,4295.0,3890.17,4286.02,626378.5055
2021-10-29 08:00:00,4286.01,4460.47,4265.97,4418.89,559231.07691
2021-10-30 08:00:00,4418.89,4434.06,4232.2,4322.68,340223.069
2021-10-31 08:00:00,4322.68,4399.14,4164.35,4287.21,412856.2893
2021-11-01 08:00:00,4287.48,4386.58,4146.3,4319.43,417620.7073
2021-11-02 08:00:00,4319.43,4599.6,4284.43,4589.89,468184.79301
2021-11-03 08:00:00,4589.68,4665.87,4455.0,4603.35,448658.35125
2021-11-04 08:00:00,4603.35,4606.65,4420.08,4532.32,368218.25695
2021-11-05 08:00:00,4532.31,4570.05,4438.8,4474.24,305651.7244
2021-11-06 08:00:00,4474.24,4530.0,4326.17,4518.0,322154.0973
2021-11-07 08:00:00,4518.0,4637.98,4502.37,4612.59,243596.5952
2021-11-08 08:00:00,4612.59,4822.97,4612.0,4807.98,391102.31806
2021-11-09 08:00:00,4807.98,4838.28,4713.89,4732.33,311267.57998
2021-11-10 08:00:00,4732.33,4868.0,4461.93,4628.78,553596.99163
2021-11-11 08:00:00,4628.68,4779.0,4576.47,4719.0,303688.9765
2021-11-12 08:00:00,4719.0,4809.71,4507.85,4665.46,461580.0415
2021-11-13 08:00:00,4665.47,4707.6,4584.08,4644.28,220720.6611
2021-11-14 08:00:00,4644.27,4696.05,4514.12,4626.5,245309.0674
2021-11-15 08:00:00,4626.5,4772.01,4540.0,4563.78,375421.6601
2021-11-16 08:00:00,4563.77,4563.77,4103.0,4209.76,735857.063
2021-11-17 08:00:00,4209.59,4299.91,4063.48,4287.8,472852.1842
2021-11-18 08:00:00,4288.07,4344.81,3956.44,3996.9,576945.1837
2021-11-19 08:00:00,3996.9,4308.97,3973.01,4294.76,420045.0897
2021-11-20 08:00:00,4294.75,4435.88,4199.86,4412.17,365584.578
2021-11-21 08:00:00,4412.17,4451.0,4242.41,4258.31,340206.3203
2021-11-22 08:00:00,4259.7,4320.0,4022.74,4085.97,518501.3338
2021-11-23 08:00:00,4086.28,4385.59,4059.62,4339.44,502811.7902
2021-11-24 08:00:00,4339.45,4373.94,4167.65,4269.36,448727.0306
2021-11-25 08:00:00,4270.1,4550.0,4248.27,4524.85,445868.2434
2021-11-26 08:00:00,4524.48,4551.0,3913.0,4041.2,720245.1612
2021-11-27 08:00:00,4041.2,4183.66,4028.34,4095.29,275326.5202
2021-11-28 08:00:00,4095.29,4298.51,3964.0,4294.78,346471.3551
2021-11-29 08:00:00,4294.77,4458.92,4276.89,4444.53,406881.2284
2021-11-30 08:00:00,4444.54,4753.0,4346.36,4630.26,743024.4662
2021-12-01 08:00:00,4630.25,4778.75,4523.99,4582.95,508198.3105
2021-12-02 08:00:00,4582.95,4634.83,4433.0,4511.21,451861.9545
2021-12-03 08:00:00,4511.35,4654.88,4032.5,4215.73,677974.8659
2021-12-04 08:00:00,4215.01,4238.59,3503.68,4117.25,1111773.1451
2021-12-05 08:00:00,4117.25,4248.19,4031.39,4196.44,536325.4413
2021-12-06 08:00:00,4196.44,4376.15,3921.0,4347.59,726742.9638
2021-12-07 08:00:00,4347.57,4425.0,4255.92,4306.4,420749.751
2021-12-08 08:00:00,4306.4,4450.49,4222.95,4436.91,429403.9351
2021-12-09 08:00:00,4436.91,4488.0,4076.16,4105.64,462173.711
2021-12-10 08:00:00,4105.64,4231.08,3887.37,3897.94,563236.5671
2021-12-11 08:00:00,3898.31,4097.08,3828.22,4089.37,427853.4343
2021-12-12 08:00:00,4089.68,4173.63,3986.25,4130.0,260535.5157
2021-12-13 08:00:00,4130.0,4142.75,3671.45,3781.93,533467.2307
2021-12-14 08:00:00,3781.92,3882.74,3685.0,3858.99,395145.7462
2021-12-15 08:00:00,3858.99,4092.22,3643.73,4019.08,542068.0573
2021-12-16 08:00:00,4019.54,4113.43,3942.11,3958.11,368780.031
2021-12-17 08:00:00,3959.11,3994.1,3700.0,3875.42,463370.9225
2021-12-18 08:00:00,3875.43,3996.93,3767.01,3959.93,339593.2543
2021-12-19 08:00:00,3959.93,4032.43,3884.0,3924.14,306006.323
2021-12-20 08:00:00,3924.14,3983.37,3753.0,3944.73,366916.4771
2021-12-21 08:00:00,3944.72,4063.0,3913.21,4014.15,340826.3553
2021-12-22 08:00:00,4014.41,4074.87,3933.4,3979.51,303191.8076
2021-12-23 08:00:00,3979.51,4150.0,3893.23,4111.41,380207.8166
2021-12-24 08:00:00,4111.41,4134.84,4017.17,4046.36,230833.1661
2021-12-25 08:00:00,4046.35,4137.91,4018.62,4094.83,208126.8805
2021-12-26 08:00:00,4094.36,4105.0,4000.0,4063.56,189309.255
2021-12-27 08:00:00,4063.57,4127.46,4031.0,4037.23,222140.3923
2021-12-28 08:00:00,4037.22,4037.23,3759.36,3792.75,358064.7163
2021-12-29 08:00:00,3792.75,3827.78,3604.2,3630.19,302753.6375
2021-12-30 08:00:00,3630.18,3769.1,3585.0,3709.27,249263.7305
2021-12-31 08:00:00,3709.27,3815.0,3622.29,3676.23,268014.2942
2022-01-01 08:00:00,3676.22,3776.45,3673.46,3765.54,154143.8968
2022-01-02 08:00:00,3765.54,3857.44,3717.3,3828.27,154791.4263
2022-01-03 08:00:00,3828.11,3853.09,3680.0,3765.89,236245.8586
2022-01-04 08:00:00,3765.89,3900.73,3713.11,3785.11,288258.5549
2022-01-05 08:00:00,3785.1,3848.0,3415.0,3540.63,397942.0363
2022-01-06 08:00:00,3539.82,3550.43,3300.0,3406.81,496745.7413
2022-01-07 08:00:00,3406.81,3416.76,3064.42,3199.24,669631.7262
2022-01-08 08:00:00,3198.68,3250.0,3000.0,3080.95,400692.1061
2022-01-09 08:00:00,3080.98,3211.72,3057.35,3151.97,275874.1643
2022-01-10 08:00:00,3151.97,3185.0,2928.83,3082.68,529818.3866
2022-01-11 08:00:00,3082.87,3263.54,3051.8,3239.72,362446.7087
2022-01-12 08:00:00,3239.73,3411.43,3206.2,3371.26,370465.8015
2022-01-13 08:00:00,3371.6,3410.0,3233.43,3240.61,336234.8799
2022-01-14 08:00:00,3240.61,3342.79,3188.0,3307.42,285326.3505
2022-01-15 08:00:00,3307.42,3371.64,3261.0,3326.04,203100.3778
2022-01-16 08:00:00,3326.51,3393.6,3269.62,3346.88,210782.2277
2022-01-17 08:00:00,3346.89,3357.57,3141.1,3209.67,284063.6548
2022-01-18 08:00:00,3209.68,3243.87,3082.0,3159.85,299134.2728
2022-01-19 08:00:00,3159.85,3174.87,3000.0,3084.02,332996.5703
2022-01-20 08:00:00,3084.02,3273.37,2987.15,3001.48,357596.7062
2022-01-21 08:00:00,3001.48,3034.12,2403.0,2568.15,1022021.70024
2022-01-22 08:00:00,2567.47,2626.0,2300.0,2412.18,1081357.54893
2022-01-23 08:00:00,2412.18,2556.78,2370.8,2539.01,580497.7613
2022-01-24 08:00:00,2539.0,2539.75,2159.0,2439.29,1123134.70389
2022-01-25 08:00:00,2439.56,2506.55,2348.96,2458.83,510152.954
2022-01-26 08:00:00,2459.04,2722.0,2402.03,2462.99,806441.62289
2022-01-27 08:00:00,2463.0,2521.0,2316.43,2424.25,599481.7159
2022-01-28 08:00:00,2424.02,2558.98,2357.88,2544.99,485149.8065
2022-01-29 08:00:00,2544.99,2636.66,2520.01,2601.43,376666.8246
2022-01-30 08:00:00,2601.43,2640.0,2542.5,2601.68,290770.0859
2022-01-31 08:00:00,2601.67,2706.77,2476.07,2686.94,444584.851
2022-02-01 08:00:00,2686.94,2813.0,2673.52,2787.23,390034.27362
2022-02-02 08:00:00,2787.48,2810.88,2612.72,2680.67,447852.1228
2022-02-03 08:00:00,2680.25,2726.64,2576.05,2695.46,405043.3931
2022-02-04 08:00:00,2695.21,2995.0,2671.4,2994.99,664002.9328
2022-02-05 08:00:00,2994.99,3060.47,2958.01,3012.65,356803.3071
2022-02-06 08:00:00,3012.64,3074.56,2950.21,3054.99,249394.5966
2022-02-07 08:00:00,3055.0,3186.0,2991.8,3139.77,455070.2529
2022-02-08 08:00:00,3139.77,3232.87,3025.21,3116.69,514773.5837
2022-02-09 08:00:00,3116.69,3269.7,3055.0,3243.94,370267.8913
2022-02-10 08:00:00,3243.6,3283.66,3056.74,3072.49,578212.8383
2022-02-11 08:00:00,3072.36,3138.62,2879.0,2927.54,462025.8751
2022-02-12 08:00:00,2927.54,2985.98,2858.3,2918.88,336250.3131
2022-02-13 08:00:00,2918.58,2954.4,2836.7,2871.13,242751.3547
2022-02-14 08:00:00,2871.14,2964.97,2829.01,2929.75,381778.238
2022-02-15 08:00:00,2929.75,3196.19,2912.06,3183.52,448971.754
2022-02-16 08:00:00,3183.53,3186.77,3044.03,3122.3,319997.6244
2022-02-17 08:00:00,3122.31,3160.0,2851.55,2891.87,488693.2624
2022-02-18 08:00:00,2891.88,2943.97,2750.0,2779.48,502977.4069
2022-02-19 08:00:00,2779.3,2830.96,2694.45,2763.63,293838.0025
2022-02-20 08:00:00,2763.63,2764.64,2576.0,2621.99,386384.904
2022-02-21 08:00:00,2621.99,2759.51,2558.0,2568.02,761838.9858
2022-02-22 08:00:00,2568.03,2665.74,2500.0,2636.29,692639.4942
2022-02-23 08:00:00,2636.28,2753.55,2575.83,2579.71,504470.1412
2022-02-24 08:00:00,2579.7,2740.0,2300.0,2596.2,1395732.7753
2022-02-25 08:00:00,2596.26,2834.97,2571.72,2768.49,679394.1762
2022-02-26 08:00:00,2768.05,2878.0,2727.5,2779.47,418485.2529
2022-02-27 08:00:00,2779.47,2836.33,2557.98,2616.79,650198.7785
2022-02-28 08:00:00,2616.79,2951.6,2568.62,2920.95,733794.4488
2022-03-01 08:00:00,2920.83,3037.94,2854.09,2976.33,673901.6976
2022-03-02 08:00:00,2976.33,3043.91,2914.21,2947.3,614623.7461
2022-03-03 08:00:00,2947.31,2970.97,2785.0,2833.99,446192.2353
2022-03-04 08:00:00,2834.0,2836.17,2573.0,2622.1,556178.7588
2022-03-05 08:00:00,2622.11,2685.12,2589.38,2665.15,268730.3036
2022-03-06 08:00:00,2665.16,2676.29,2535.0,2551.29,336487.9099
2022-03-07 08:00:00,2551.3,2649.0,2445.0,2491.12,619728.8489
2022-03-08 08:00:00,2491.12,2624.0,2480.15,2575.97,560719.3074
2022-03-09 08:00:00,2575.98,2775.85,2567.7,2726.98,562771.7403
2022-03-10 08:00:00,2726.98,2733.25,2550.27,2606.7,559004.7675
2022-03-11 08:00:00,2606.69,2676.78,2522.57,2556.86,494583.6568
2022-03-12 08:00:00,2556.86,2616.79,2553.39,2568.8,219236.5711
2022-03-13 08:00:00,2568.8,2603.32,2493.0,2515.65,316942.1601
2022-03-14 08:00:00,2515.66,2609.6,2498.67,2589.41,386630.1912
2022-03-15 08:00:00,2589.42,2669.0,2507.0,2617.73,461202.3014
2022-03-16 08:00:00,2617.74,2788.0,2603.38,2773.81,666224.7217
2022-03-17 08:00:00,2773.8,2836.0,2746.42,2811.92,379312.541
2022-03-18 08:00:00,2811.91,2984.0,2765.59,2938.92,556535.7966
2022-03-19 08:00:00,2938.84,2987.7,2890.86,2950.84,325971.5398
2022-03-20 08:00:00,2950.85,2964.17,2817.21,2861.38,377608.8214
2022-03-21 08:00:00,2861.39,2960.57,2829.81,2890.03,450223.9073
2022-03-22 08:00:00,2890.03,3052.85,2886.43,2969.64,564868.9839
2022-03-23 08:00:00,2969.64,3045.2,2920.65,3036.0,453962.7298
2022-03-24 08:00:00,3035.99,3129.11,2999.11,3110.76,577171.5239
2022-03-25 08:00:00,3110.75,3193.28,3076.0,3102.14,489099.5572
2022-03-26 08:00:00,3102.13,3116.94,3086.8,3087.06,12209.3483
