candle_end_time,open,high,low,close,volume,ma,week,bias,invest_rate,smart_invest,normal_invest,si_share,ni_share,smart_share,normal_share,smart_capital,normal_capital,smart_invest_all,normal_invest_all,smart_rate,normal_rate
2021-01-07 08:00:00,36769.36,40365.0,36300.0,39432.28,132825.700437,21577.92655737705,3,0.8274360094398835,0.3999999999999999,,,0.0,,0.0,,0.0,,,,,
2021-01-08 08:00:00,39432.48,41950.0,36500.0,40582.81,139789.957499,21884.45693548387,4,0.8544124772956218,0.3999999999999999,0.0,,0.0,,0.0,,0.0,,0.0,,,
2021-01-09 08:00:00,40586.96,41380.0,38720.0,40088.22,75785.979675,22173.405555555557,5,0.8079414954801961,0.3999999999999999,399.9999999999999,1000.0,0.009963048961815263,0.024907622404538164,0.009963048961815263,0.024907622404538164,399.4008986520219,998.502246630055,399.9999999999999,1000.0,0.998502246630055,0.9985022466300549
2021-01-10 08:00:00,40088.22,41350.0,35111.11,38150.02,118209.544503,22423.04015625,6,0.7013758943550924,0.3999999999999999,,,0.0,,0.009963048961815263,0.024907622404538164,380.0905171542315,950.226292885579,399.9999999999999,,,
2021-01-11 08:00:00,38150.02,38264.74,30420.0,35404.47,249131.539943,22622.75446153846,0,0.564993779170086,0.3999999999999999,,,0.0,,0.009963048961815263,0.024907622404538164,352.73646807711964,881.8411701927994,399.9999999999999,,,
2021-01-12 08:00:00,35410.37,36628.0,32531.0,34051.24,133948.151996,22795.913333333334,1,0.49374317677408247,0.5,,,0.0,,0.009963048961815263,0.024907622404538164,339.25417133052235,848.135428326306,399.9999999999999,,,
2021-01-13 08:00:00,34049.15,37850.0,32380.0,37371.38,124477.914938,23013.457611940295,2,0.6238924472005564,0.3999999999999999,,,0.0,,0.009963048961815263,0.024907622404538164,372.33288871060364,930.8322217765094,399.9999999999999,,,
2021-01-14 08:00:00,37371.38,40100.0,36701.23,39144.5,102950.389421,23250.67882352941,3,0.6835852534501586,0.3999999999999999,,,0.0,,0.009963048961815263,0.024907622404538164,389.99857008577754,974.9964252144441,399.9999999999999,,,
2021-01-15 08:00:00,39145.21,39747.76,34408.0,36742.22,118300.920916,23446.2084057971,4,0.5670857890572809,0.3999999999999999,,,0.0,,0.009963048961815263,0.024907622404538164,366.064536825788,915.1613420644702,399.9999999999999,,,
2021-01-16 08:00:00,36737.43,37950.0,35357.8,35994.98,86348.431508,23625.47657142857,5,0.5235663031462598,0.3999999999999999,399.9999999999999,1000.0,0.011096016684882774,0.027740041712206943,0.021059065646698037,0.05264766411674511,758.020646771583,1895.051616928958,799.9999999999998,2000.0,0.947525808464479,0.9475258084644791
2021-01-17 08:00:00,35994.98,36852.5,33850.0,35828.61,80157.727384,23797.351690140844,6,0.5055713117373335,0.3999999999999999,,,0.0,,0.021059065646698037,0.05264766411674511,754.5170500199417,1886.2926250498551,799.9999999999998,,,
2021-01-18 08:00:00,35824.99,37469.83,34800.0,36631.27,70698.11875,23975.600555555557,0,0.5278562017714257,0.3999999999999999,,,0.0,,0.021059065646698037,0.05264766411674511,771.4203196519203,1928.5507991298016,799.9999999999998,,,
2021-01-19 08:00:00,36622.46,37850.0,35844.06,35891.49,79611.307769,24138.83191780822,1,0.4868776634349632,0.5,,,0.0,,0.021059065646698037,0.05264766411674511,755.8412440678061,1889.603110169516,799.9999999999998,,,
2021-01-20 08:00:00,35901.94,36415.31,33400.0,35468.23,89368.422918,24291.93189189189,2,0.4600827203800334,0.5,,,0.0,,0.021059065646698037,0.05264766411674511,746.9277839421848,1867.3194598554626,799.9999999999998,,,
2021-01-21 08:00:00,35468.23,35600.0,30071.0,30850.13,131803.182926,24379.374533333335,3,0.26541925666794103,0.7,,,0.0,,0.021059065646698037,0.05264766411674511,649.6749128791686,1624.1872821979218,799.9999999999998,,,
2021-01-22 08:00:00,30851.99,33826.53,28850.0,32945.17,142971.684049,24492.08236842105,4,0.3451355219382229,0.6,,,0.0,,0.021059065646698037,0.05264766411674511,693.7944977716268,1734.4862444290675,799.9999999999998,,,
2021-01-23 08:00:00,32950.0,33456.0,31390.16,32078.0,64595.287675,24590.60077922078,5,0.30448215917954,0.6,600.0,1000.0,0.01867639341536358,0.0311273223589393,0.03973545906206162,0.0837749864756844,1274.6340557928127,2687.3340161670044,1399.9999999999998,3000.0,0.9104528969948663,0.8957780053890014
2021-01-24 08:00:00,32078.0,33071.0,30900.0,32259.9,57978.037966,24688.925128205126,6,0.3066546977027218,0.6,,,0.0,,0.03973545906206162,0.0837749864756844,1281.8619357962018,2702.5726862069314,1399.9999999999998,,,
2021-01-25 08:00:00,32259.45,34875.0,31910.0,32254.2,88499.226921,24784.688101265823,0,0.30137607010485995,0.6,,,0.0,,0.03973545906206162,0.0837749864756844,1281.635443679548,2702.09516878402,1399.9999999999998,,,
2021-01-26 08:00:00,32254.19,32921.88,30837.37,32467.77,84972.20691,24880.726625,1,0.3049365675428702,0.6,,,0.0,,0.03973545906206162,0.0837749864756844,1290.1217456714323,2719.9869926456317,1399.9999999999998,,,
2021-01-27 08:00:00,32464.01,32557.29,29241.72,30366.15,95911.961711,24948.44790123457,2,0.21715587760059968,0.7,,,0.0,,0.03973545906206162,0.0837749864756844,1206.6129101974225,2543.923805568604,1399.9999999999998,,,
2021-01-28 08:00:00,30362.19,33783.98,29842.1,33364.86,92621.145617,25051.08707317073,3,0.3318727407934794,0.6,,,0.0,,0.03973545906206162,0.0837749864756844,1325.7680286414172,2795.1406952631037,1399.9999999999998,,,
2021-01-29 08:00:00,33368.18,38531.9,31915.4,34252.2,231827.005626,25161.943855421687,4,0.3612700273401022,0.6,,,0.0,,0.03973545906206162,0.0837749864756844,1361.026890885547,2869.477591762437,1399.9999999999998,,,
2021-01-30 08:00:00,34246.28,34933.0,32825.0,34262.88,84889.68134,25270.288333333338,5,0.3558563142631333,0.6,600.0,1000.0,0.017485434615479873,0.029142391025799786,0.05722089367754149,0.11291737750148419,1960.5526135663627,3868.8745552480523,1999.9999999999998,4000.0,0.9802763067831815,0.9672186388120131
2021-01-31 08:00:00,34262.89,34342.69,32171.67,33092.98,68742.280384,25362.320000000003,6,0.30480886606588037,0.6,,,0.0,,0.05722089367754149,0.11291737750148419,1893.6098900530071,3736.7725153090664,1999.9999999999998,,,
2021-02-01 08:00:00,33092.97,34717.27,32296.16,33526.37,82718.276882,25457.250813953488,0,0.3169674229561235,0.6,,,0.0,,0.05722089367754149,0.11291737750148419,1918.4088531639168,3785.7097775444345,1999.9999999999998,,,
2021-02-02 08:00:00,33517.09,35984.33,33418.0,35466.24,78056.65988,25572.29666666667,1,0.3869008506470998,0.6,,,0.0,,0.05722089367754149,0.11291737750148419,2029.409948182169,4004.7548106382383,1999.9999999999998,,,
2021-02-03 08:00:00,35472.71,37662.63,35362.38,37618.87,80784.333663,25709.18954545455,2,0.46324604801286384,0.5,,,0.0,,0.05722089367754149,0.11291737750148419,2152.5853605392554,4247.824144969259,1999.9999999999998,,,
2021-02-04 08:00:00,37620.26,38708.27,36161.95,36936.66,92080.735898,25835.340898876402,3,0.42969508877687795,0.5,,,0.0,,0.05722089367754149,0.11291737750148419,2113.5486946634996,4170.790780863971,1999.9999999999998,,,
2021-02-05 08:00:00,36936.65,38310.12,36570.0,38290.24,66681.334275,25973.728666666666,4,0.4741911140828888,0.5,,,0.0,,0.05722089367754149,0.11291737750148419,2191.001751927546,4323.63348470243,1999.9999999999998,,,
2021-02-06 08:00:00,38289.32,40955.51,38215.94,39186.94,98757.311183,26118.928791208793,5,0.5003272267884772,0.3999999999999999,399.9999999999999,1000.0,0.010192194099667436,0.025480485249168596,0.06741308777720892,0.13839786275065277,2641.7126259402194,5423.388743738065,2399.9999999999995,5000.0,1.1007135941417583,1.0846777487476131
2021-02-07 08:00:00,39181.01,39700.0,37351.0,38795.69,84363.679763,26256.71967391304,6,0.477552812453753,0.5,,,0.0,,0.06741308777720892,0.13839786275065277,2615.3372553473864,5369.240579936873,2399.9999999999995,,,
2021-02-08 08:00:00,38795.69,46794.45,37988.89,46374.87,138597.536914,26473.043870967744,0,0.751777023678718,0.3999999999999999,,,0.0,,0.06741308777720892,0.13839786275065277,3126.273181966653,6418.182893339365,2399.9999999999995,,,
2021-02-09 08:00:00,46374.86,48142.19,44961.09,46420.42,115499.861712,26685.25,1,0.7395534986556243,0.3999999999999999,,,0.0,,0.06741308777720892,0.13839786275065277,3129.343848114904,6424.486915987657,2399.9999999999995,,,
2021-02-10 08:00:00,46420.42,47310.0,43727.0,44807.58,97154.1822,26876.011368421052,2,0.6671960502535097,0.3999999999999999,,,0.0,,0.06741308777720892,0.13839786275065277,3020.6173236243108,6201.273307028894,2399.9999999999995,,,
2021-02-11 08:00:00,44807.58,48678.9,43994.02,47969.51,89561.081454,27095.735312499997,3,0.7703712206647652,0.3999999999999999,,,0.0,,0.06741308777720892,0.13839786275065277,3233.772788259701,6638.877661196066,2399.9999999999995,,,
2021-02-12 08:00:00,47968.66,48985.8,46125.0,47287.6,85870.035697,27303.89886597938,4,0.7318991779199814,0.3999999999999999,,,0.0,,0.06741308777720892,0.13839786275065277,3187.8031295735445,6544.502774607768,2399.9999999999995,,,
2021-02-13 08:00:00,47298.15,48150.0,46202.53,47153.69,63768.097399,27506.44775510204,5,0.7142777002622481,0.3999999999999999,399.9999999999999,1000.0,0.008470193926541525,0.021175484816353816,0.07588328170375044,0.15957334756700658,3578.1767416413204,7524.472163436883,2799.9999999999995,6000.0,1.2779202648719004,1.2540786939061472
2021-02-14 08:00:00,47156.78,49707.43,47014.17,48577.79,73735.475533,27719.289595959595,6,0.7524904392600585,0.3999999999999999,,,0.0,,0.07588328170375044,0.15957334756700658,3686.2421231156313,7751.720567707057,2799.9999999999995,,,
2021-02-15 08:00:00,48580.47,49010.92,45570.79,47911.1,79398.156784,27921.2077,0,0.7159393861032738,0.3999999999999999,,,0.0,,0.07588328170375044,0.15957334756700658,3635.6514980365578,7645.334612617609,2799.9999999999995,,,
2021-02-16 08:00:00,47911.1,50689.18,47003.62,49133.45,88813.266298,28131.2299009901,1,0.7465802303322226,0.3999999999999999,,,0.0,,0.07588328170375044,0.15957334756700658,3728.407427427137,7840.389094016139,2799.9999999999995,,,
2021-02-17 08:00:00,49133.45,52618.74,48947.0,52119.71,85743.637818,28366.411078431374,2,0.8373741343553198,0.3999999999999999,,,0.0,,0.07588328170375044,0.15957334756700658,3955.014636247779,8316.916598921589,2799.9999999999995,,,
2021-02-18 08:00:00,52117.67,52530.0,50901.9,51552.6,60758.046954,28591.519708737862,3,0.8030730973787656,0.3999999999999999,,,0.0,,0.07588328170375044,0.15957334756700658,3911.980468360765,8226.420957782864,2799.9999999999995,,,
2021-02-19 08:00:00,51552.61,56368.0,50710.2,55906.0,79659.77802,28854.15894230769,4,0.9375369807791307,0.3999999999999999,,,0.0,,0.07588328170375044,0.15957334756700658,4242.3307469298725,8921.10756908107,2799.9999999999995,,,
2021-02-20 08:00:00,55906.0,57700.46,53863.93,55841.19,80948.205314,29111.178285714286,5,0.9182043904901961,0.3999999999999999,399.9999999999999,1000.0,0.007152442464998003,0.01788110616249501,0.08303572416874845,0.17745445372950158,4636.813650094675,9909.267867055307,3199.9999999999995,7000.0,1.449004265654586,1.4156096952936152
2021-02-21 08:00:00,55841.19,58352.8,55477.59,57408.57,58166.708511,29378.134811320757,6,0.9541257594705371,0.3999999999999999,,,0.0,,0.08303572416874845,0.17745445372950158,4766.962183442287,10187.406428741853,3199.9999999999995,,,
2021-02-22 08:00:00,57412.35,57508.47,47622.0,54087.67,134019.434944,29609.06504672897,0,0.8267267107096742,0.3999999999999999,,,0.0,,0.08303572416874845,0.17745445372950158,4491.20884705029,9598.09793335155,3199.9999999999995,,,
2021-02-23 08:00:00,54087.67,54183.59,44892.56,48891.0,169375.025051,29787.60148148148,1,0.6413204678595833,0.3999999999999999,,,0.0,,0.08303572416874845,0.17745445372950158,4059.6995903342804,8675.925697289062,3199.9999999999995,,,
2021-02-24 08:00:00,48891.0,51374.99,46988.69,49676.2,91881.209252,29970.065688073395,2,0.6575272312388915,0.3999999999999999,,,0.0,,0.08303572416874845,0.17745445372950158,4124.899240951581,8815.262934357466,3199.9999999999995,,,
2021-02-25 08:00:00,49676.21,52041.73,46674.34,47073.73,83310.673121,30125.553545454546,3,0.5625847315626391,0.3999999999999999,,,0.0,,0.08303572416874845,0.17745445372950158,3908.8012598741393,8353.443042160052,3199.9999999999995,,,
2021-02-26 08:00:00,47073.73,48424.11,44106.78,46276.87,109423.200663,30271.0609009009,4,0.5287495258754791,0.3999999999999999,,,0.0,,0.08303572416874845,0.17745445372950158,3842.6334127130303,8212.03668616116,3199.9999999999995,,,
2021-02-27 08:00:00,46276.88,48394.0,45000.0,46106.43,66060.834292,30412.448125,5,0.516038097639994,0.3999999999999999,399.9999999999999,1000.0,0.008662585644822682,0.02165646411205671,0.09169830981357113,0.1991109178415583,4227.88170253773,9180.293595697558,3599.9999999999995,8000.0,1.1744115840382585,1.1475366994621947
2021-02-28 08:00:00,46103.67,46638.46,43000.0,45135.66,83055.369042,30542.74203539823,6,0.4777867667444189,0.5,,,0.0,,0.09169830981357113,0.1991109178415583,4138.863734320011,8987.002689984509,3599.9999999999995,,,
2021-03-01 08:00:00,45134.11,49790.0,44950.53,49587.03,85086.111648,30709.797192982456,0,0.6146974103538271,0.3999999999999999,,,0.0,,0.09169830981357113,0.1991109178415583,4547.046839674846,9873.319056336886,3599.9999999999995,,,
2021-03-02 08:00:00,49595.76,50200.0,47047.6,48440.65,64221.06214,30863.97852173913,1,0.5694881969244728,0.3999999999999999,,,0.0,,0.09169830981357113,0.1991109178415583,4441.925731270765,9645.062282341682,3599.9999999999995,,,
2021-03-03 08:00:00,48436.61,52640.0,48100.71,50349.37,81035.913705,31031.95603448276,2,0.6225006874865285,0.3999999999999999,,,0.0,,0.09169830981357113,0.1991109178415583,4616.952129178124,10025.10927344422,3599.9999999999995,,,
2021-03-04 08:00:00,50349.37,51773.88,47500.0,48374.09,82649.716829,31180.179401709403,3,0.5514371927362279,0.3999999999999999,,,0.0,,0.09169830981357113,0.1991109178415583,4435.822291769573,9631.809459650145,3599.9999999999995,,,
2021-03-05 08:00:00,48374.09,49448.93,46300.0,48751.71,78192.496372,31329.0906779661,4,0.5561163425112529,0.3999999999999999,,,0.0,,0.09169830981357113,0.1991109178415583,4470.449407521374,9706.997724445475,3599.9999999999995,,,
2021-03-06 08:00:00,48746.81,49200.0,47070.0,48882.2,44399.234242,31476.595798319326,5,0.5529697148066448,0.3999999999999999,399.9999999999999,1000.0,0.008170681733883129,0.020426704334707828,0.09986899154745427,0.21953762217626613,4881.816018620969,10731.481954744675,3999.9999999999995,9000.0,1.2204540046552423,1.1923868838605194
2021-03-07 08:00:00,48882.2,51450.03,48882.2,50971.75,55235.028032,31639.055416666666,6,0.6110389304842948,0.3999999999999999,,,0.0,,0.09986899154745427,0.21953762217626613,5090.497269908952,11190.216793163094,3999.9999999999995,,,
2021-03-08 08:00:00,50959.11,52402.78,49274.67,52375.17,66987.359664,31810.428264462807,0,0.6464779903171314,0.3999999999999999,,,0.0,,0.09986899154745427,0.21953762217626613,5230.65541002648,11498.320282877708,3999.9999999999995,,,
2021-03-09 08:00:00,52375.18,54895.0,51789.41,54884.5,71656.737076,31999.559999999998,1,0.7151642085078671,0.3999999999999999,,,0.0,,0.09986899154745427,0.21953762217626613,5481.259666586254,12049.212624333279,3999.9999999999995,,,
2021-03-10 08:00:00,54874.67,57387.69,53005.0,55851.59,84749.238943,32193.47894308943,2,0.7348727703126646,0.3999999999999999,,,0.0,,0.09986899154745427,0.21953762217626613,5577.841969621881,12261.525263363723,3999.9999999999995,,,
2021-03-11 08:00:00,55851.59,58150.0,54272.82,57773.16,81914.812859,32399.766693548387,3,0.7831350622504359,0.3999999999999999,,,0.0,,0.09986899154745427,0.21953762217626613,5769.747227709723,12683.382172008973,3999.9999999999995,,,
2021-03-12 08:00:00,57773.15,58081.51,54962.84,57221.72,73405.406047,32598.34232,4,0.7553567429375961,0.3999999999999999,,,0.0,,0.09986899154745427,0.21953762217626613,5714.675471010795,12562.320345636092,3999.9999999999995,,,
2021-03-13 08:00:00,57221.72,61844.0,56078.23,61188.39,83245.091346,32825.24746031746,5,0.8640648505078544,0.3999999999999999,399.9999999999999,1000.0,0.006527396760268114,0.01631849190067029,0.10639638830772238,0.2358561140769364,6510.223702364357,14431.655892024075,4399.999999999999,10000.0,1.4795962959918998,1.4431655892024076
2021-03-14 08:00:00,61188.38,61724.79,58966.78,58968.31,52601.05275,33031.098346456696,6,0.7852361244997967,0.3999999999999999,,,0.0,,0.10639638830772238,0.2358561140769364,6274.015208610149,13908.03645028415,4399.999999999999,,,
2021-03-15 08:00:00,58976.08,60633.43,54600.0,55605.2,102771.427298,33207.458515625,0,0.6744792430843888,0.3999999999999999,,,0.0,,0.10639638830772238,0.2358561140769364,5916.192451128564,13114.826394470863,4399.999999999999,,,
2021-03-16 08:00:00,55605.2,56938.29,53271.34,56900.75,77986.694355,33391.127441860466,1,0.7040679473633742,0.3999999999999999,,,0.0,,0.10639638830772238,0.2358561140769364,6054.034292000634,13420.38978306324,4399.999999999999,,,
2021-03-17 08:00:00,56900.74,58974.73,54123.69,58912.97,70421.620841,33587.44930769231,2,0.7540173848958384,0.3999999999999999,,,0.0,,0.10639638830772238,0.2358561140769364,6268.1272324812,13894.984172931132,4399.999999999999,,,
2021-03-18 08:00:00,58912.97,60129.97,57023.0,57648.16,66580.406675,33771.11885496183,3,0.7070254689394169,0.3999999999999999,,,0.0,,0.10639638830772238,0.2358561140769364,6133.55601658571,13596.671001285484,4399.999999999999,,,
2021-03-19 08:00:00,57641.0,59468.0,56270.74,58030.01,52392.652961,33954.89833333333,4,0.7090320645440505,0.3999999999999999,,,0.0,,0.10639638830772238,0.2358561140769364,6174.183477461013,13686.73265844576,4399.999999999999,,,
2021-03-20 08:00:00,58030.01,59880.0,57820.17,58102.28,44476.941776,34136.45759398497,5,0.7020594430465433,0.3999999999999999,399.9999999999999,1000.0,0.006874100270282369,0.017185250675705924,0.11327048857800476,0.25304136475264233,6581.273643096034,14702.280226440154,4799.999999999999,11000.0,1.3710986756450074,1.3365709296763777
2021-03-21 08:00:00,58100.02,58589.1,55450.11,57351.56,48564.470274,34309.70462686567,6,0.6715841953093286,0.3999999999999999,,,0.0,,0.11327048857800476,0.25304136475264233,6496.239221910754,14512.31701309305,4799.999999999999,,,
2021-03-22 08:00:00,57351.56,58430.73,53650.0,54083.25,62581.626169,34456.17533333333,0,0.5696242974384679,0.3999999999999999,,,0.0,,0.11327048857800476,0.25304136475264233,6126.036151386375,13685.299390258344,4799.999999999999,,,
2021-03-23 08:00:00,54083.25,55830.9,53000.0,54340.89,59789.365427,34602.38647058823,1,0.5704376357448453,0.3999999999999999,,,0.0,,0.11327048857800476,0.25304136475264233,6155.219160063613,13750.492967473214,4799.999999999999,,,
2021-03-24 08:00:00,54342.8,57200.0,51700.0,52303.65,83537.465021,34731.59277372263,2,0.50593870948447,0.3999999999999999,,,0.0,,0.11327048857800476,0.25304136475264233,5924.459989912959,13234.98697754454,4799.999999999999,,,
2021-03-25 08:00:00,52303.66,53287.0,50427.56,51293.78,87400.534538,34851.60862318841,3,0.47177654135229324,0.5,,,0.0,,0.11327048857800476,0.25304136475264233,5810.071521612689,12979.44809452179,4799.999999999999,,,
2021-03-26 08:00:00,51293.78,55073.46,51214.6,55025.59,63813.774692,34996.745179856116,4,0.5723059306575843,0.3999999999999999,,,0.0,,0.11327048857800476,0.25304136475264233,6232.775463592972,13923.750389919347,4799.999999999999,,,
2021-03-27 08:00:00,55025.59,56700.36,53950.0,55817.14,50105.475055,35145.46228571428,5,0.5881748700937764,0.3999999999999999,399.9999999999999,1000.0,0.007155524246710273,0.017888810616775688,0.12042601282471503,0.270930175369418,6721.835617478914,15122.547528819356,5199.999999999999,12000.0,1.292660695669022,1.2602122940682796
2021-03-28 08:00:00,55817.14,56559.75,54691.84,55777.63,39050.387511,35291.78971631205,6,0.580470428061609,0.3999999999999999,,,0.0,,0.12042601282471503,0.270930175369418,6717.07758571221,15111.843077590509,5199.999999999999,,,
2021-03-29 08:00:00,55777.65,58405.82,54800.01,57635.47,67857.937398,35449.13957746479,0,0.6258637215736311,0.3999999999999999,,,0.0,,0.12042601282471503,0.270930175369418,6940.809849378478,15615.18799459883,5199.999999999999,,,
2021-03-30 08:00:00,57635.46,59368.0,57071.35,58746.57,55122.443122,35612.05867132867,1,0.6496257782282316,0.3999999999999999,,,0.0,,0.12042601282471503,0.270930175369418,7074.61519222802,15916.21851245179,5199.999999999999,,,
2021-03-31 08:00:00,58746.57,59800.0,56769.0,58740.55,60975.542666,35772.67319444445,2,0.6420508940081812,0.3999999999999999,,,0.0,,0.12042601282471503,0.270930175369418,7073.8902276308145,15914.587512796066,5199.999999999999,,,
2021-04-01 08:00:00,58739.46,59490.0,57935.45,58720.44,47415.61722,35930.93365517241,3,0.634258674253708,0.3999999999999999,,,0.0,,0.12042601282471503,0.270930175369418,7071.46846051291,15909.139106969387,5199.999999999999,,,
2021-04-02 08:00:00,58720.45,60200.0,58428.57,58950.01,47382.418781,36088.598561643834,4,0.6334801668539725,0.3999999999999999,,,0.0,,0.12042601282471503,0.270930175369418,7099.11466027708,15971.336547328945,5199.999999999999,,,
2021-04-03 08:00:00,58950.01,59791.72,56880.0,57051.94,47409.852113,36231.20632653061,5,0.574662998681974,0.3999999999999999,399.9999999999999,1000.0,0.007000654117143464,0.017501635292858662,0.1274266669418585,0.28843181066227663,7269.938556766895,16455.594355995567,5599.999999999999,13000.0,1.2982033137083744,1.2658149504611975
2021-04-04 08:00:00,57051.95,58492.85,56388.0,58202.01,41314.081973,36379.6577027027,6,0.5998504019919925,0.3999999999999999,,,0.0,,0.1274266669418585,0.28843181066227663,7416.488143616718,16787.311128483932,5599.999999999999,,,
2021-04-05 08:00:00,58202.01,59272.0,56777.77,59129.99,54258.01579,36532.3444966443,0,0.6185654333088701,0.3999999999999999,,,0.0,,0.1274266669418585,0.28843181066227663,7534.737542005423,17054.97008014231,5599.999999999999,,,
2021-04-06 08:00:00,59129.99,59495.24,57413.02,57991.15,54201.000727,36675.4032,1,0.5812000670792898,0.3999999999999999,,,0.0,,0.1274266669418585,0.28843181066227663,7389.618956625358,16726.492396887683,5599.999999999999,,,
2021-04-07 08:00:00,57990.03,58655.0,55473.0,55953.45,71228.405659,36803.07238410596,2,0.5203472529691423,0.3999999999999999,,,0.0,,0.1274266669418585,0.28843181066227663,7129.9616373979325,16138.754896301161,5599.999999999999,,,
2021-04-08 08:00:00,55953.44,58153.31,55700.0,58077.52,44283.147019,36943.03585526316,3,0.5720830369095363,0.3999999999999999,,,0.0,,0.1274266669418585,0.28843181066227663,7400.624797849126,16751.404252374585,5599.999999999999,,,
2021-04-09 08:00:00,58077.52,58894.9,57654.0,58142.54,40831.884911,37081.59470588235,4,0.5679622319688613,0.3999999999999999,,,0.0,,0.1274266669418585,0.28843181066227663,7408.910079733686,16770.158088703847,5599.999999999999,,,
2021-04-10 08:00:00,58142.55,61500.0,57900.01,59769.13,69906.424117,37228.91636363637,5,0.605449092748237,0.3999999999999999,399.9999999999999,1000.0,0.0066823943840578215,0.016705985960144557,0.13410906132591632,0.3051377966224212,8015.581920566665,18237.82063423905,5999.999999999999,14000.0,1.3359303200944443,1.302701473874218
2021-04-11 08:00:00,59769.13,60699.0,59232.52,60002.43,41156.715391,37375.84225806451,6,0.6053800095181372,0.3999999999999999,,,0.0,,0.13410906132591632,0.3051377966224212,8046.869564574002,18309.009282191062,5999.999999999999,,,
2021-04-12 08:00:00,59998.8,61300.0,59350.59,59860.0,56375.037117,37519.97147435897,0,0.5954169912124835,0.3999999999999999,,,0.0,,0.13410906132591632,0.3051377966224212,8027.768410969351,18265.548505818133,5999.999999999999,,,
2021-04-13 08:00:00,59860.01,63777.77,59805.15,63575.0,82848.688746,37685.92707006369,1,0.6869692466847029,0.3999999999999999,,,0.0,,0.13410906132591632,0.3051377966224212,8525.98357379513,19399.135420270428,5999.999999999999,,,
2021-04-14 08:00:00,63575.01,64854.0,61301.0,62959.53,82616.343993,37845.88658227848,2,0.6635765650019441,0.3999999999999999,,,0.0,,0.13410906132591632,0.3051377966224212,8443.443469820868,19211.332260583225,5999.999999999999,,,
2021-04-15 08:00:00,62959.53,63800.0,62020.0,63159.98,51649.70034,38005.094716981126,3,0.6618819258403105,0.3999999999999999,,,0.0,,0.13410906132591632,0.3051377966224212,8470.325631163649,19272.497131916192,5999.999999999999,,,
2021-04-16 08:00:00,63158.74,63520.61,60000.0,61334.8,91764.139884,38150.905375,4,0.6076892382268922,0.3999999999999999,,,0.0,,0.13410906132591632,0.3051377966224212,8225.552454612813,18715.56572827688,5999.999999999999,,,
2021-04-17 08:00:00,61334.81,62506.05,59580.91,60006.66,58912.256128,38286.655403726705,5,0.5672996078461098,0.3999999999999999,399.9999999999999,1000.0,0.006655942834545728,0.016639857086364326,0.14076500416046206,0.3217776537087855,8446.837744555432,19308.802261700832,6399.999999999999,15000.0,1.3198183975867865,1.2872534841133887
2021-04-18 08:00:00,60006.67,60499.0,50931.3,56150.01,124882.131824,38396.92302469136,6,0.46235702178251165,0.5,,,0.0,,0.14076500416046206,0.3217776537087855,7903.956391259987,18067.818473524843,6399.999999999999,,,
2021-04-19 08:00:00,56150.01,57526.81,54221.58,55633.14,78229.042267,38502.666687116565,0,0.4449165418096998,0.5,,,0.0,,0.14076500416046206,0.3217776537087855,7831.199183559568,17901.501257652384,6399.999999999999,,,
2021-04-20 08:00:00,55633.14,57076.24,53329.96,56425.0,72744.482151,38611.94920731707,1,0.4613351866035116,0.5,,,0.0,,0.14076500416046206,0.3217776537087855,7942.665359754072,18156.304110518224,6399.999999999999,,,
2021-04-21 08:00:00,56425.0,56757.91,53536.02,53787.63,66984.756909,38703.92303030303,2,0.38972036395089105,0.6,,,0.0,,0.14076500416046206,0.3217776537087855,7571.415960731393,17307.657379956283,6399.999999999999,,,
2021-04-22 08:00:00,53787.62,55521.48,50500.0,51690.96,104656.631337,38782.15819277108,3,0.3328541372830328,0.6,,,0.0,,0.14076500416046206,0.3217776537087855,7276.278199458277,16632.995826754683,6399.999999999999,,,
2021-04-23 08:00:00,51690.95,52131.85,47500.0,51125.14,132230.780719,38856.068263473055,4,0.3157569019421499,0.6,,,0.0,,0.14076500416046206,0.3217776537087855,7196.630544804205,16450.92759473318,6399.999999999999,,,
2021-04-24 08:00:00,51110.56,51166.22,48657.14,50047.84,55361.512573,38922.685952380954,5,0.2858269868947341,0.7,700.0,1000.0,0.01396566910062529,0.019950955858036128,0.15473067326108736,0.34172860956682166,7743.935978463178,17102.778775022758,7099.999999999999,16000.0,1.0906952082342505,1.0689236734389225
2021-04-25 08:00:00,50047.84,50567.91,46930.0,49066.77,58255.645004,38982.710118343195,6,0.25868031881425757,0.7,,,0.0,,0.15473067326108736,0.34172860956682166,7592.134356846923,16767.51908803504,7099.999999999999,,,
2021-04-26 08:00:00,49066.76,54356.62,48753.44,54001.39,86310.802124,39071.05529411765,0,0.3821328754365687,0.6,,,0.0,,0.15473067326108736,0.34172860956682166,8355.67143173455,18453.819919375666,7099.999999999999,,,
2021-04-27 08:00:00,54001.38,55460.0,53222.0,55011.97,54064.034675,39164.27701754386,1,0.40464663691754277,0.5,,,0.0,,0.15473067326108736,0.34172860956682166,8512.03915551874,18799.164017631705,7099.999999999999,,,
2021-04-28 08:00:00,55011.97,56428.0,53813.16,54846.22,55130.459015,39255.45110465116,2,0.39716188342315534,0.6,,,0.0,,0.15473067326108736,0.34172860956682166,8486.392546425715,18742.522500596006,7099.999999999999,,,
2021-04-29 08:00:00,54846.23,55195.84,52330.94,53555.0,52486.019455,39338.1074566474,3,0.3614025549912472,0.6,,,0.0,,0.15473067326108736,0.34172860956682166,8286.601206497533,18301.275685351135,7099.999999999999,,,
2021-04-30 08:00:00,53555.0,57963.0,53013.01,57694.27,68578.910045,39443.60264367816,4,0.46270284997019584,0.5,,,0.0,,0.15473067326108736,0.34172860956682166,8927.073240406955,19715.78266707279,7099.999999999999,,,
2021-05-01 08:00:00,57697.25,58458.07,56956.14,57800.37,42600.351836,39548.49845714286,5,0.4615060559792422,0.5,500.0,1000.0,0.008637507395108844,0.017275014790217688,0.1633681806561962,0.35900362435703936,9442.741288154984,20750.54231917789,7599.999999999999,17000.0,1.2424659589677614,1.2206201364222289
2021-05-02 08:00:00,57797.35,57911.02,56035.25,56578.21,36812.878863,39645.258181818186,6,0.42711165457733047,0.5,,,0.0,,0.1633681806561962,0.35900362435703936,9243.079232484206,20311.782449633687,7599.999999999999,,,
2021-05-03 08:00:00,56578.21,58981.44,56435.0,57169.39,57649.931286,39744.26457627118,0,0.4384311952807467,0.5,,,0.0,,0.1633681806561962,0.35900362435703936,9339.659233524537,20524.018212281084,7599.999999999999,,,
2021-05-04 08:00:00,57169.39,57200.0,53046.69,53200.01,85324.625903,39819.85865168539,1,0.3360170478090909,0.6,,,0.0,,0.1633681806561962,0.35900362435703936,8691.188844591445,19098.996405830738,7599.999999999999,,,
2021-05-05 08:00:00,53205.05,58069.82,52900.0,57436.11,77263.923439,39918.273463687154,2,0.4388425404282194,0.5,,,0.0,,0.1633681806561962,0.35900362435703936,9383.232794669158,20619.771658969592,7599.999999999999,,,
2021-05-06 08:00:00,57436.11,58360.0,55200.0,56393.68,70181.671908,40009.8035,3,0.4094965500142983,0.5,,,0.0,,0.1633681806561962,0.35900362435703936,9212.93290210772,20245.535510831083,7599.999999999999,,,
2021-05-07 08:00:00,56393.68,58650.0,55241.63,57314.75,74542.747829,40105.410939226516,4,0.4291026736230567,0.5,,,0.0,,0.1633681806561962,0.35900362435703936,9363.406432264721,20576.20297911762,7599.999999999999,,,
2021-05-08 08:00:00,57315.49,59500.0,56900.0,58862.05,69709.906028,40208.46939560439,5,0.46392167831274944,0.5,500.0,1000.0,0.008481714845388963,0.016963429690777927,0.17184989550158516,0.3759670540478173,10115.43714150908,22130.191533715322,8099.999999999999,18000.0,1.2488194001863064,1.2294550852064068
2021-05-09 08:00:00,58866.53,59300.0,56235.66,58240.84,69806.11991,40307.00693989071,6,0.44493090461551194,0.5,,,0.0,,0.17184989550158516,0.3759670540478173,10008.682267924542,21896.637040070276,8099.999999999999,,,
2021-05-10 08:00:00,58240.83,59500.0,53400.0,55816.14,89586.34925,40391.29570652174,0,0.3818853548436105,0.6,,,0.0,,0.17184989550158516,0.3759670540478173,9591.997826301847,20985.029724120537,8099.999999999999,,,
2021-05-11 08:00:00,55816.14,56862.43,54370.0,56670.02,64329.54055,40479.28881081081,1,0.39997568299335157,0.6,,,0.0,,0.17184989550158516,0.3759670540478173,9738.73701507274,21306.060472230885,8099.999999999999,,,
2021-05-12 08:00:00,56670.02,58000.01,48600.0,49631.32,99842.789836,40528.49327956989,2,0.2246031368015049,0.7,,,0.0,,0.17184989550158516,0.3759670540478173,8529.137155605733,18659.741168904515,8099.999999999999,,,
2021-05-13 08:00:00,49537.15,51367.19,46000.0,49670.97,147332.002121,40577.38352941176,3,0.2241048012372933,0.7,,,0.0,,0.17184989550158516,0.3759670540478173,8535.951003962371,18674.64826259751,8099.999999999999,,,
2021-05-14 08:00:00,49671.92,51483.0,48799.75,49841.45,80082.204306,40626.6604787234,4,0.2268163174795643,0.7,,,0.0,,0.17184989550158516,0.3759670540478173,8565.247974147482,18738.74312597158,8099.999999999999,,,
2021-05-15 08:00:00,49844.16,50700.0,46555.0,46762.99,89437.449359,40659.12783068783,5,0.1501228013234761,0.8,800.0,1000.0,0.017081923061464718,0.021352403826830894,0.18893181856304989,0.3973194578746482,8835.016742145715,18579.845835397595,8900.0,19000.0,0.9926985103534511,0.9778866229156629
2021-05-16 08:00:00,46762.99,49795.89,43825.39,46431.5,114269.812775,40689.50873684211,6,0.14111724229196296,0.8,,,0.0,,0.18893181856304989,0.3973194578746482,8772.38773361025,18448.138408306728,8900.0,,,
2021-05-17 08:00:00,46426.83,46686.0,42001.0,43538.04,166657.172736,40704.422513089004,0,0.06961448687792615,0.9,,,0.0,,0.18893181856304989,0.3973194578746482,8225.721073870809,17298.51044972475,8900.0,,,
2021-05-18 08:00:00,43538.02,45799.29,42250.02,42849.78,116979.860784,40715.59625,1,0.052416861020425226,0.9,,,0.0,,0.18893181856304989,0.3973194578746482,8095.686860426604,17025.051359647943,8900.0,,,
2021-05-19 08:00:00,42849.78,43584.9,30000.0,36690.09,354347.243161,40694.738704663214,2,-0.09840703816103688,1.1,,,0.0,,0.18893181856304989,0.3973194578746482,6931.925426941971,14577.68666817205,8900.0,,,
2021-05-20 08:00:00,36671.23,42451.67,34850.0,40526.64,203017.596923,40693.87221649485,3,-0.004109518396410142,1.1,,,0.0,,0.18893181856304989,0.3973194578746482,7656.7717954500395,16102.022634281031,8900.0,,,
2021-05-21 08:00:00,40525.39,42200.0,33488.0,37252.01,202100.888258,40676.22164102564,4,-0.08418214629777729,1.1,,,0.0,,0.18893181856304989,0.3973194578746482,7038.08999442892,14800.948417940974,8900.0,,,
2021-05-22 08:00:00,37263.35,38829.0,35200.62,37449.73,126542.243689,40659.75994897959,5,-0.078948571093572,1.1,1100.0,1000.0,0.02932871535503888,0.0266624685045808,0.21826053391808875,0.423981926379229,8173.798064888267,15878.008667782005,10000.0,20000.0,0.8173798064888267,0.7939004333891003
2021-05-23 08:00:00,37458.51,38270.64,31111.01,34655.25,217136.046593,40629.28020304569,6,-0.14703755944457655,1.2,,,0.0,,0.21826053391808875,0.423981926379229,7563.873368064845,14693.199654153776,10000.0,,,
2021-05-24 08:00:00,34681.44,39920.0,34031.0,38796.29,161630.893971,40620.02267676768,0,-0.044897382044317494,1.1,,,0.0,,0.21826053391808875,0.423981926379229,8467.698969441008,16448.925770567217,10000.0,,,
2021-05-25 08:00:00,38810.99,39791.77,36419.62,38324.72,111996.228404,40608.48849246231,1,-0.056238697307983275,1.1,,,0.0,,0.21826053391808875,0.423981926379229,8364.773849461255,16248.988613544565,10000.0,,,
2021-05-26 08:00:00,38324.72,40841.0,37800.44,39241.91,104780.773396,40601.6556,2,-0.03348990527371487,1.1,,,0.0,,0.21826053391808875,0.423981926379229,8564.960228565587,16637.86059660033,10000.0,,,
2021-05-27 08:00:00,39241.92,40411.14,37134.27,38529.98,86547.158794,40591.348756218904,3,-0.05078345064607106,1.1,,,0.0,,0.21826053391808875,0.423981926379229,8409.574006653282,16336.015143753168,10000.0,,,
2021-05-28 08:00:00,38529.99,38877.83,34684.0,35663.49,135377.62972,40566.953415841585,4,-0.12087334647927397,1.2,,,0.0,,0.21826053391808875,0.423981926379229,7783.932368782419,15120.675191606368,10000.0,,,
2021-05-29 08:00:00,35661.79,37338.58,33632.76,34605.15,112663.092689,40537.58492610838,5,-0.14634406408082715,1.2,1200.0,1000.0,0.03462498200285408,0.028854151669045064,0.2528855159209428,0.4528360780482741,8751.141211271615,15670.460406272232,11200.0,21000.0,0.7813518938635371,0.7462124002986777
2021-05-30 08:00:00,34605.15,36488.0,33379.0,35641.27,73535.386967,40513.58338235294,6,-0.12026369863089531,1.2,,,0.0,,0.2528855159209428,0.4528360780482741,9013.160952027622,16139.652923459607,11200.0,,,
2021-05-31 08:00:00,35641.26,37499.0,34153.84,37253.81,94160.735289,40497.68204878049,0,-0.08010019054604565,1.1,,,0.0,,0.2528855159209428,0.4528360780482741,9420.94896187078,16869.869212755573,11200.0,,,
2021-06-01 08:00:00,37253.82,37894.81,35666.0,36693.09,81234.66377,40479.21315533981,1,-0.09353252843158007,1.1,,,0.0,,0.2528855159209428,0.4528360780482741,9279.150995383587,16615.954967072343,11200.0,,,
2021-06-02 08:00:00,36694.85,38225.0,35920.0,37568.68,67587.372495,40465.15260869565,2,-0.07157943123815677,1.1,,,0.0,,0.2528855159209428,0.4528360780482741,9500.575024268806,17012.453708650635,11200.0,,,
2021-06-03 08:00:00,37568.68,39476.0,37170.0,39246.79,75889.106011,40459.29509615385,3,-0.029968517574818408,1.1,,,0.0,,0.2528855159209428,0.4528360780482741,9924.9447373909,17772.362459584223,11200.0,,,
2021-06-04 08:00:00,39246.78,39289.07,35555.15,36829.0,91317.799245,40441.9252631579,4,-0.0893361342134033,1.1,,,0.0,,0.2528855159209428,0.4528360780482741,9313.520665852404,16677.499918439888,11200.0,,,
2021-06-05 08:00:00,36829.15,37925.0,34800.0,35513.2,70459.62149,40418.45514285714,5,-0.12136176718085218,1.2,1200.0,1000.0,0.033739643173695016,0.028116369311412516,0.2866251590946378,0.4809524473596866,10178.976599959691,17080.160453574023,12400.0,22000.0,0.8208852096741687,0.7763709297079101
2021-06-06 08:00:00,35516.07,36480.0,35222.0,35796.31,47650.206637,40396.54924170616,6,-0.11387703474822522,1.2,,,0.0,,0.2866251590946378,0.4809524473596866,10260.123048750975,17216.322900946023,12400.0,,,
2021-06-07 08:00:00,35796.31,36900.0,33300.0,33552.79,77574.952573,40364.267358490564,0,-0.16875017940980364,1.2,,,0.0,,0.2866251590946378,0.4809524473596866,9617.073771818974,16137.29646624562,12400.0,,,
2021-06-08 08:00:00,33556.96,34068.01,31000.0,33380.81,123251.189037,40331.48117370892,1,-0.17233860427223507,1.2,,,0.0,,0.2866251590946378,0.4809524473596866,9567.779976957876,16054.582264348699,12400.0,,,
2021-06-09 08:00:00,33380.8,37534.79,32396.82,37388.05,136607.597517,40317.726822429904,2,-0.07266473219913873,1.1,,,0.0,,0.2866251590946378,0.4809524473596866,10716.355779488274,17981.874149506333,12400.0,,,
2021-06-10 08:00:00,37388.05,38491.0,35782.0,36675.72,109527.284943,40300.78725581395,3,-0.08995028391885775,1.1,,,0.0,,0.2866251590946378,0.4809524473596866,10512.18407991039,17639.277292678606,12400.0,,,
2021-06-11 08:00:00,36677.83,37680.4,35936.77,37331.98,78466.0053,40287.04277777778,4,-0.07335020329185793,1.1,,,0.0,,0.2866251590946378,0.4809524473596866,10700.284706817838,17954.907145782876,12400.0,,,
2021-06-12 08:00:00,37331.98,37463.63,34600.36,35546.11,87717.54999,40265.19516129032,5,-0.11720010650357159,1.2,1200.0,1000.0,0.033708405672408764,0.028090338060340635,0.32033356476704655,0.5090427854200272,11386.612129901561,18094.490845246684,13600.0,23000.0,0.8372508919045266,0.7867169932715949
2021-06-13 08:00:00,35546.12,39380.0,34757.0,39020.57,86921.025555,40259.485871559635,6,-0.03077326609465815,1.1,,,0.0,,0.32033356476704655,0.5090427854200272,12499.598287342074,19863.13964147715,13600.0,,,
2021-06-14 08:00:00,39020.56,41064.05,38730.0,40516.29,108522.391949,40260.65849315069,0,0.006349411967337848,0.9,,,0.0,,0.32033356476704655,0.5090427854200272,12978.72760683544,20624.525116485594,13600.0,,,
2021-06-15 08:00:00,40516.28,41330.0,39506.4,40144.04,80679.622838,40260.12840909091,1,-0.002883458490527222,1.1,,,0.0,,0.32033356476704655,0.5090427854200272,12859.483437350907,20435.03393961299,13600.0,,,
2021-06-16 08:00:00,40143.8,40527.14,38116.01,38349.01,87771.976937,40251.48081447963,2,-0.04726461675405634,1.1,,,0.0,,0.32033356476704655,0.5090427854200272,12284.475078587117,19521.28686850048,13600.0,,,
2021-06-17 08:00:00,38349.0,39559.88,37365.0,38092.97,79541.307119,40241.75779279279,3,-0.05339696650074352,1.1,,,0.0,,0.32033356476704655,0.5090427854200272,12202.456872664161,19390.951553721534,13600.0,,,
2021-06-18 08:00:00,38092.97,38202.84,35129.29,35819.84,95228.042935,40221.92856502243,4,-0.10944498988669953,1.2,,,0.0,,0.32033356476704655,0.5090427854200272,11474.297036585243,18233.831126899706,13600.0,,,
2021-06-19 08:00:00,35820.48,36457.0,34803.52,35483.72,68712.449461,40200.77584821428,5,-0.11733743313871421,1.2,1200.0,1000.0,0.033767674188502954,0.028139728490419125,0.3541012389555495,0.5371825139104464,12564.829214751811,19061.233912494383,14800.0,24000.0,0.8489749469426899,0.794218079687266
2021-06-20 08:00:00,35483.72,36137.72,33336.0,35600.16,89878.17085,40180.32866666666,6,-0.1139903235900192,1.2,,,0.0,,0.3541012389555495,0.5371825139104464,12606.060763015797,19123.78344441412,14800.0,,,
2021-06-21 08:00:00,35600.17,35750.0,31251.23,31608.93,168778.873159,40142.40212389381,0,-0.21258000698504442,1.3,,,0.0,,0.3541012389555495,0.5371825139104464,11192.761275059238,16979.764479419326,14800.0,,,
2021-06-22 08:00:00,31614.12,33298.78,28805.0,32509.56,204208.179762,40108.777268722464,1,-0.18946519405986648,1.2,,,0.0,,0.3541012389555495,0.5371825139104464,11511.675473899775,17463.56716692249,14800.0,,,
2021-06-23 08:00:00,32509.56,34881.0,31683.0,33678.07,126966.100563,40080.5724122807,2,-0.15974079278166625,1.2,,,0.0,,0.3541012389555495,0.5371825139104464,11925.446312631724,18091.270306251987,14800.0,,,
2021-06-24 08:00:00,33675.07,35298.0,32286.57,34663.09,86625.80426,40056.91528384279,3,-0.13465403528010625,1.2,,,0.0,,0.3541012389555495,0.5371825139104464,12274.243115027717,18620.40582610405,14800.0,,,
2021-06-25 08:00:00,34663.08,35500.0,31275.0,31584.45,116061.130356,40020.078478260875,4,-0.21078490595272456,1.3,,,0.0,,0.3541012389555495,0.5371825139104464,11184.092876729606,16966.614251478797,14800.0,,,
2021-06-26 08:00:00,31576.09,32730.0,30151.0,32283.65,107820.375287,39986.587445887446,5,-0.19263803034734034,1.2,1200.0,1000.0,0.03711484593458502,0.03092903827882085,0.39121608489013454,0.5681115521892672,12629.883158963392,18340.714511835038,16000.0,25000.0,0.789367697435212,0.7336285804734015
2021-06-27 08:00:00,32283.65,34749.0,31973.45,34700.34,96613.244211,39963.80189655172,6,-0.13170573485917217,1.2,,,0.0,,0.39121608489013454,0.5681115521892672,13575.33115915653,19713.664018895317,16000.0,,,
2021-06-28 08:00:00,34702.49,35297.71,33862.72,34494.89,82222.267819,39940.33017167382,0,-0.13633938798873013,1.2,,,0.0,,0.39121608489013454,0.5681115521892672,13494.955814515853,19596.945500498034,16000.0,,,
2021-06-29 08:00:00,34494.89,36600.0,34225.43,35911.73,90788.79622,39923.113931623935,1,-0.10047773173440838,1.2,,,0.0,,0.39121608489013454,0.5681115521892672,14049.246412231592,20401.868672101875,16000.0,,,
2021-06-30 08:00:00,35911.72,36100.0,34017.55,35045.0,77152.197634,39902.356,2,-0.12173105768491464,1.2,,,0.0,,0.39121608489013454,0.5681115521892672,13710.167694974765,19909.46934647287,16000.0,,,
2021-07-01 08:00:00,35045.0,35057.57,32711.0,33504.69,71708.266112,39875.24724576271,3,-0.1597622005074756,1.2,,,0.0,,0.39121608489013454,0.5681115521892672,13107.573647257643,19034.401441520222,16000.0,,,
2021-07-02 08:00:00,33502.33,33977.04,32699.0,33786.55,56172.181378,39849.55654008439,4,-0.15214740304539282,1.2,,,0.0,,0.39121608489013454,0.5681115521892672,13217.841812944776,19194.529363620288,16000.0,,,
2021-07-03 08:00:00,33786.54,34945.61,33316.73,34669.13,43044.578641,39827.7900420168,5,-0.1295241346952621,1.2,1200.0,1000.0,0.03456108347558955,0.028800902896324625,0.4257771683657241,0.5969124550855919,14761.324001103176,20694.435503981545,17200.0,26000.0,0.858216511692045,0.7959398270762132
2021-07-04 08:00:00,34669.12,35967.85,34357.15,35286.51,43703.475789,39808.78887029288,6,-0.11360001142028237,1.2,,,0.0,,0.4257771683657241,0.5969124550855919,15024.190309308808,21062.957315502288,17200.0,,,
2021-07-05 08:00:00,35288.13,35293.78,33125.55,33690.14,64123.874245,39783.294499999996,0,-0.15315862038524733,1.2,,,0.0,,0.4257771683657241,0.5969124550855919,14344.492411044816,20110.0641795773,17200.0,,,
2021-07-06 08:00:00,33690.15,35118.88,33532.0,34220.01,58210.596349,39760.210331950206,1,-0.13934031751080178,1.2,,,0.0,,0.4257771683657241,0.5969124550855919,14570.098959246763,20426.350182153506,17200.0,,,
2021-07-07 08:00:00,34220.02,35059.09,33777.77,33862.12,53807.521675,39735.838057851244,2,-0.14781915633186646,1.2,,,0.0,,0.4257771683657241,0.5969124550855919,14417.717568460355,20212.721183602924,17200.0,,,
2021-07-08 08:00:00,33862.11,33929.64,32077.0,32875.71,70136.48032,39707.6070781893,3,-0.17205511943181143,1.2,,,0.0,,0.4257771683657241,0.5969124550855919,13997.726711812718,19623.920768781943,17200.0,,,
2021-07-09 08:00:00,32875.71,34100.0,32261.07,33815.81,47153.939899,39683.46036885246,4,-0.14786135872006714,1.2,,,0.0,,0.4257771683657241,0.5969124550855919,14397.999827793335,20185.078167807907,17200.0,,,
2021-07-10 08:00:00,33815.81,34262.0,33004.78,33502.87,34761.175468,39658.23346938775,5,-0.15521022826543904,1.2,1200.0,1000.0,0.035764180679328836,0.029803483899440698,0.46154134904505295,0.6267159389850325,15462.959816681034,20996.782630743477,18400.0,27000.0,0.8403782509065779,0.7776586159534621
2021-07-11 08:00:00,33502.87,34666.0,33306.47,34258.99,31572.647448,39636.28532520325,6,-0.1356659757866873,1.2,,,0.0,,0.46154134904505295,0.6267159389850325,15811.940461520977,21470.655086528837,18400.0,,,
2021-07-12 08:00:00,34259.0,34678.43,32658.34,33086.63,48181.403762,39609.76850202429,0,-0.16468509533679615,1.2,,,0.0,,0.46154134904505295,0.6267159389850325,15270.84784555452,20735.918388300346,18400.0,,,
2021-07-13 08:00:00,33086.94,33340.0,32202.25,32729.77,41126.361008,39582.026572580646,1,-0.17311535476880702,1.2,,,0.0,,0.46154134904505295,0.6267159389850325,15106.142199734302,20512.268538314147,18400.0,,,
2021-07-14 08:00:00,32729.12,33114.03,31550.0,32820.02,46777.823484,39554.86991967871,2,-0.1702660110715748,1.2,,,0.0,,0.46154134904505295,0.6267159389850325,15147.796306485618,20568.829651807544,18400.0,,,
2021-07-15 08:00:00,32820.03,33185.25,31133.0,31880.0,51639.576353,39524.170439999994,3,-0.1934049558764122,1.2,,,0.0,,0.46154134904505295,0.6267159389850325,14713.938207556288,19979.704134842836,18400.0,,,
2021-07-16 08:00:00,31874.49,32249.18,31020.0,31383.87,48499.864154,39587.80552,4,-0.2072339047905882,1.3,,,0.0,,0.46154134904505295,0.6267159389850325,14484.953698054565,19668.771556034193,18400.0,,,
2021-07-17 08:00:00,31383.86,31955.92,31164.31,31520.07,34012.242132,39652.57216,5,-0.20509393759337913,1.3,1300.0,1000.0,0.04118179054231388,0.03167830041716452,0.5027231395873668,0.6583942394021971,15845.868550413572,20752.63251355401,19700.0,28000.0,0.8043588096656635,0.7411654469126432
2021-07-18 08:00:00,31520.07,32435.0,31108.97,31778.56,35923.716186,39718.497559999996,6,-0.19990528463483995,1.2,,,0.0,,0.5027231395873668,0.6583942394021971,15975.817454765513,20922.820840497086,19700.0,,,
2021-07-19 08:00:00,31778.57,31899.0,30407.44,30839.65,47340.468499,39779.119199999994,0,-0.22472768074764193,1.3,,,0.0,,0.5027231395873668,0.6583942394021971,15503.805671775537,20304.64790517997,19700.0,,,
2021-07-20 08:00:00,30839.65,31063.07,29278.0,29790.35,61034.049017,39833.11315999999,1,-0.25212097080287554,1.3,,,0.0,,0.5027231395873668,0.6583942394021971,14976.298281406513,19613.79482977524,19700.0,,,
2021-07-21 08:00:00,29790.34,32858.0,29482.61,32144.51,82796.265128,39896.4084,2,-0.194300657900825,1.2,,,0.0,,0.5027231395873668,0.6583942394021971,16159.788987697508,21163.760212406316,19700.0,,,
2021-07-22 08:00:00,32144.51,32591.35,31708.0,32287.83,46148.092433,39961.27791999999,3,-0.1920220853637804,1.2,,,0.0,,0.5027231395873668,0.6583942394021971,16231.839268063171,21258.121274797442,19700.0,,,
2021-07-23 08:00:00,32287.58,33650.0,31924.32,33634.09,50112.863626,40031.98628,4,-0.15981960613321836,1.2,,,0.0,,0.5027231395873668,0.6583942394021971,16908.635321964055,22144.49110353504,19700.0,,,
2021-07-24 08:00:00,33634.1,34500.0,33401.14,34258.14,47977.550138,40102.164560000005,5,-0.14572840703539333,1.2,1200.0,1000.0,0.034975707845086336,0.02914642320423861,0.5376988474324531,0.6875406626064358,18420.562393179618,23553.86427526404,20900.0,29000.0,0.8813666216832353,0.8122022163884152
2021-07-25 08:00:00,34261.51,35398.0,33851.12,35381.02,47852.928313,40173.05112,6,-0.11928471914383186,1.2,,,0.0,,0.5376988474324531,0.6875406626064358,19024.33367498457,24325.889934491555,20900.0,,,
2021-07-26 08:00:00,35381.02,40550.0,35205.78,37237.6,152452.512724,40250.89704,0,-0.07486285428634026,1.1,,,0.0,,0.5376988474324531,0.6875406626064358,20022.614601150715,25602.364177873413,20900.0,,,
2021-07-27 08:00:00,37241.33,39542.61,36383.0,39457.87,88397.267015,40337.51724,1,-0.021807173574076875,1.1,,,0.0,,0.5376988474324531,0.6875406626064358,21216.45122113957,27128.890084838604,20900.0,,,
2021-07-28 08:00:00,39456.61,40900.0,38772.0,40019.56,101344.528441,40422.9728,2,-0.009979790501702179,1.1,,,0.0,,0.5376988474324531,0.6875406626064358,21518.471286753902,27515.07479961801,20900.0,,,
2021-07-29 08:00:00,40019.57,40640.0,39200.0,40016.48,53998.439283,40508.22352000001,3,-0.012139350415038974,1.1,,,0.0,,0.5376988474324531,0.6875406626064358,21516.815174303814,27512.957174377185,20900.0,,,
2021-07-30 08:00:00,40018.49,42316.71,38313.23,42206.37,73602.784805,40603.39128,4,0.039478936844114736,0.9,,,0.0,,0.5376988474324531,0.6875406626064358,22694.316503307666,29018.595596012394,20900.0,,,
2021-07-31 08:00:00,42206.36,42448.0,41000.15,41461.83,44849.791012,40695.7666,5,0.018824154549775676,0.9,900.0,1000.0,0.021674200631449442,0.024082445146054933,0.5593730480639025,0.7116231077524907,23192.630225407356,29505.196317705453,21800.0,30000.0,1.06388212043153,0.9835065439235151
2021-08-01 08:00:00,41461.84,42599.0,39422.01,39845.44,53953.186326,40778.50832,6,-0.022881374489668888,1.1,,,0.0,,0.5593730480639025,0.7116231077524907,22288.465224247346,28354.935842565406,21800.0,,,
2021-08-02 08:00:00,39850.27,40480.01,38690.0,39147.82,50837.351954,40860.223159999994,0,-0.0419088058646813,1.1,,,0.0,,0.5593730480639025,0.7116231077524907,21898.235398457004,27858.493330135112,21800.0,,,
2021-08-03 08:00:00,39146.86,39780.0,37642.03,38207.05,57117.435853,40944.453480000004,1,-0.06685651528691501,1.1,,,0.0,,0.5593730480639025,0.7116231077524907,21371.99401602993,27189.019659054804,21800.0,,,
2021-08-04 08:00:00,38207.04,39969.66,37508.56,39723.18,52329.35243,41034.788120000005,2,-0.0319633213692832,1.1,,,0.0,,0.5593730480639025,0.7116231077524907,22220.076275391053,28267.932801411585,21800.0,,,
2021-08-05 08:00:00,39723.17,41350.0,37332.7,40862.46,84343.755621,41127.35855999999,3,-0.006440932976853796,1.1,,,0.0,,0.5593730480639025,0.7116231077524907,22857.358801589293,29078.67077561184,21800.0,,,
2021-08-06 08:00:00,40862.46,43392.43,39853.86,42836.87,75753.941347,41225.96608,4,0.03907498290941214,0.9,,,0.0,,0.5593730480639025,0.7116231077524907,23961.790541417147,30483.70655578944,21800.0,,,
2021-08-07 08:00:00,42836.87,44700.0,42446.41,44572.54,73396.740808,41325.47276,5,0.07857302102404319,0.9,900.0,1000.0,0.02016156184877616,0.022401735387529067,0.5795346099126787,0.7340248431400198,25831.32958171727,32717.35168185226,22700.0,31000.0,1.137944034436884,1.0553984413500728
2021-08-08 08:00:00,44572.54,45310.0,43261.0,43794.37,69329.092698,41425.59040000001,6,0.0571815531686422,0.9,,,0.0,,0.5795346099126787,0.7340248431400198,25380.353134321518,32146.155569665993,22700.0,,,
2021-08-09 08:00:00,43794.36,46454.15,42779.0,46253.4,74587.884845,41533.787639999995,0,0.11363308352486215,0.8,,,0.0,,0.5795346099126787,0.7340248431400198,26805.44612613509,33951.144679692596,22700.0,,,
2021-08-10 08:00:00,46248.87,46700.0,44589.46,45584.99,53814.643421,41638.44,1,0.09478140871752148,0.9,,,0.0,,0.5795346099126787,0.7340248431400198,26418.079397523357,33460.51513428937,22700.0,,,
2021-08-11 08:00:00,45585.0,46743.47,45341.14,45511.0,52734.901977,41745.88191999999,2,0.09019136515585699,0.9,,,0.0,,0.5795346099126787,0.7340248431400198,26375.19963173592,33406.20463614544,22700.0,,,
2021-08-12 08:00:00,45510.67,46218.12,43770.0,44399.0,55266.108781,41846.887279999995,3,0.06098691888177172,0.9,,,0.0,,0.5795346099126787,0.7340248431400198,25730.75714551302,32589.96901057374,22700.0,,,
2021-08-13 08:00:00,44400.06,47886.0,44217.39,47800.0,48239.370431,41960.64968,4,0.13916253357686328,0.8,,,0.0,,0.5795346099126787,0.7340248431400198,27701.75435382604,35086.38750209295,22700.0,,,
2021-08-14 08:00:00,47799.99,48144.0,45971.03,47068.51,46114.359022,42072.25612,5,0.11875412304368725,0.8,800.0,1000.0,0.016971044915253187,0.021213806144066486,0.5965056548279318,0.7552386492840863,28076.63237932506,35547.95791621451,23500.0,32000.0,1.1947503140138322,1.1108736848817033
2021-08-15 08:00:00,47068.5,47372.27,45500.0,46973.82,42110.711334,42186.854960000004,6,0.11347053589415036,0.8,,,0.0,,0.5965056548279318,0.7552386492840863,28020.149258869402,35476.4443685138,23500.0,,,
2021-08-16 08:00:00,46973.82,48053.83,45660.0,45901.29,52480.574014,42296.295,0,0.08523193343530451,0.9,,,0.0,,0.5965056548279318,0.7552386492840863,27380.3790488968,34666.42825999714,23500.0,,,
2021-08-17 08:00:00,45901.3,47160.0,44376.0,44695.95,57039.341629,42402.06028,1,0.05409854391160258,0.9,,,0.0,,0.5965056548279318,0.7552386492840863,26661.3869229065,33756.10890646906,23500.0,,,
2021-08-18 08:00:00,44695.95,46000.0,44203.28,44705.29,54099.415985,42508.73532,2,0.051673018815183165,0.9,,,0.0,,0.5965056548279318,0.7552386492840863,26666.958285722594,33763.162835453375,23500.0,,,
2021-08-19 08:00:00,44699.37,47033.0,43927.7,46760.62,53411.75392,42620.54304,3,0.097138062180824,0.9,,,0.0,,0.5965056548279318,0.7552386492840863,27892.974253260087,35315.427488486435,23500.0,,,
2021-08-20 08:00:00,46760.62,49382.99,46622.99,49322.47,56850.352228,42741.13296,4,0.15398134266022503,0.8,,,0.0,,0.5965056548279318,0.7552386492840863,29421.132265081025,37250.23562215487,23500.0,,,
2021-08-21 08:00:00,49322.47,49757.04,48222.0,48821.87,46745.136584,42859.32788,5,0.13911888998106253,0.8,800.0,1000.0,0.016361556763475955,0.020451945954344946,0.6128672115914078,0.7756905952384313,29921.323331578205,37870.665400953316,24300.0,33000.0,1.2313301782542472,1.1475959212410096
2021-08-22 08:00:00,48821.88,49500.0,48050.0,49239.22,37007.887795,42978.57904,6,0.14566886806967838,0.8,,,0.0,,0.6128672115914078,0.7756905952384313,30177.10346233588,38194.39987087607,24300.0,,,
2021-08-23 08:00:00,49239.22,50500.0,49029.0,49488.85,52462.541954,43091.19236,0,0.14846787219419605,0.8,,,0.0,,0.6128672115914078,0.7756905952384313,30330.09350436544,38388.03551416544,24300.0,,,
2021-08-24 08:00:00,49488.85,49860.0,47600.0,47674.01,51014.594748,43190.699759999996,1,0.10380267661586057,0.8,,,0.0,,0.6128672115914078,0.7756905952384313,29217.83757408089,36980.28119430293,24300.0,,,
2021-08-25 08:00:00,47674.01,49264.3,47126.28,48973.32,44655.830342,43294.163479999996,2,0.13117603075120104,0.8,,,0.0,,0.6128672115914078,0.7756905952384313,30014.142070773723,37988.14374160217,24300.0,,,
2021-08-26 08:00:00,48973.32,49352.84,46250.0,46843.87,49371.277774,43386.252519999995,3,0.07969384953001257,0.9,,,0.0,,0.6128672115914078,0.7756905952384313,28709.0719870504,36336.349403571694,24300.0,,,
2021-08-27 08:00:00,46843.86,49149.93,46348.0,49069.9,42068.104965,43488.71004,4,0.12833652584467423,0.8,,,0.0,,0.6128672115914078,0.7756905952384313,30073.332786069222,38063.0599392903,24300.0,,,
2021-08-28 08:00:00,49069.9,49299.0,48346.88,48895.35,26681.063786,43593.412599999996,5,0.1216224443965647,0.8,800.0,1000.0,0.016336968593210682,0.020421210741513353,0.6292041801846184,0.7961118059799447,30765.15861158998,38926.165392521485,25100.0,34000.0,1.2257035303422303,1.1448872174271025
2021-08-29 08:00:00,48895.35,49632.27,47762.54,48767.83,32652.283473,43693.24076,6,0.11614128757063158,0.8,,,0.0,,0.6292041801846184,0.7961118059799447,30684.922494532842,38824.64521502293,25100.0,,,
2021-08-30 08:00:00,48767.84,48888.61,46853.0,46982.91,40288.35083,43788.24136,0,0.07295722643290015,0.9,,,0.0,,0.6292041801846184,0.7961118059799447,29561.843369237715,37403.64933029321,25100.0,,,
2021-08-31 08:00:00,46982.91,48246.11,46700.0,47100.89,48645.52737,43881.72812,1,0.07335996137610634,0.9,,,0.0,,0.6292041801846184,0.7961118059799447,29636.076878415894,37497.57460116272,25100.0,,,
2021-09-01 08:00:00,47100.89,49156.0,46512.0,48810.52,49904.65528,43978.12032,2,0.10988190593044415,0.8,,,0.0,,0.6292041801846184,0.7961118059799447,30711.78322098492,38858.631228020204,25100.0,,,
2021-09-02 08:00:00,48810.51,50450.13,48584.06,49246.64,54410.770538,44069.13332,3,0.11748601095475318,0.8,,,0.0,,0.6292041801846184,0.7961118059799447,30986.191748047037,39205.83150884418,25100.0,,,
2021-09-03 08:00:00,49246.63,51000.0,48316.84,49999.14,59025.644157,44164.003240000005,4,0.13212427162207574,0.8,,,0.0,,0.6292041801846184,0.7961118059799447,31459.667893635964,39804.90564284409,25100.0,,,
2021-09-04 08:00:00,49998.0,50535.69,49370.0,49915.64,34664.65959,44255.348159999994,5,0.12790074138691412,0.8,800.0,1000.0,0.01600303626887372,0.020003795336092152,0.6452072164534921,0.8161156013160369,32205.931141894587,40736.93255367482,25900.0,35000.0,1.2434722448607949,1.1639123586764235
2021-09-05 08:00:00,49917.54,51900.0,49450.0,51756.88,40544.835873,44352.83568,6,0.16693508332633403,0.8,,,0.0,,0.6452072164534921,0.8161156013160369,33393.91247711742,42239.59724344196,25900.0,,,
2021-09-06 08:00:00,51756.88,52780.0,50969.33,52663.9,49249.667081,44447.989120000006,0,0.18484325258942097,0.8,,,0.0,,0.6452072164534921,0.8161156013160369,33979.128326585065,42979.83041614763,25900.0,,,
2021-09-07 08:00:00,52666.2,52920.0,42843.05,46863.73,123048.802719,44519.74952,1,0.05265035192857495,0.9,,,0.0,,0.6452072164534921,0.8161156013160369,30236.816785928015,38246.2211888624,25900.0,,,
2021-09-08 08:00:00,46868.57,47340.99,44412.02,46048.31,65069.3152,44586.616,2,0.032783245985745946,0.9,,,0.0,,0.6452072164534921,0.8161156013160369,29710.701917487502,37580.74420523727,25900.0,,,
2021-09-09 08:00:00,46048.31,47399.97,45513.08,46395.14,50651.66002,44643.48324,3,0.03923656114786616,0.9,,,0.0,,0.6452072164534921,0.8161156013160369,29934.479136370068,37863.79757924171,25900.0,,,
2021-09-10 08:00:00,46395.14,47033.0,44132.29,44850.91,49048.26618,44690.88668,4,0.0035806700624629504,0.9,,,0.0,,0.6452072164534921,0.8161156013160369,28938.130796506095,36603.52738422145,25900.0,,,
2021-09-11 08:00:00,44842.2,45987.93,44722.22,45173.69,30440.4081,44743.6266,5,0.009611724231580259,0.9,900.0,1000.0,0.01989326136445903,0.022103623738287816,0.6651004778179511,0.8382192250543247,30045.042803800003,37865.4554246443,26800.0,36000.0,1.1210836867089553,1.0518182062401193
2021-09-12 08:00:00,45173.68,46460.0,44742.06,46025.24,32094.28052,44791.92944,6,0.02753421376170122,0.9,,,0.0,,0.6651004778179511,0.8382192250543247,30611.409115685874,38579.241005739306,26800.0,,,
2021-09-13 08:00:00,46025.23,46880.0,43370.0,44940.73,65429.15056,44824.61492,0,0.002590431177317144,0.9,,,0.0,,0.6651004778179511,0.8382192250543247,29890.100996487534,37670.18387397564,26800.0,,,
2021-09-14 08:00:00,44940.72,47250.0,44594.44,47111.52,44855.85099,44855.331880000005,1,0.05029921807369295,0.9,,,0.0,,0.6651004778179511,0.8382192250543247,31333.894462729957,39489.78178553131,26800.0,,,
2021-09-15 08:00:00,47103.28,48500.0,46682.32,48121.41,43204.71174,44885.486280000005,2,0.0720928742937972,0.9,,,0.0,,0.6651004778179511,0.8382192250543247,32005.572784273532,40336.29099872143,26800.0,,,
2021-09-16 08:00:00,48121.4,48557.0,47021.1,47737.82,40725.08895,44916.08468,3,0.06282237955741604,0.9,,,0.0,,0.6651004778179511,0.8382192250543247,31750.446891987343,40014.75848618284,26800.0,,,
2021-09-17 08:00:00,47737.81,48150.0,46699.56,47299.98,34461.92776,44952.684519999995,4,0.05221702563627024,0.9,,,0.0,,0.6651004778179511,0.8382192250543247,31459.239298779532,39647.75258068506,26800.0,,,
2021-09-18 08:00:00,47299.98,48843.2,47035.56,48292.74,30906.47038,45004.2376,5,0.07307095010093,0.9,900.0,1000.0,0.01860842896814406,0.020676032186826735,0.6837089067860952,0.8588952572411515,33018.17647110513,41478.40534518004,27700.0,37000.0,1.191991930364806,1.1210379823021632
2021-09-19 08:00:00,48292.75,48372.83,46829.18,47241.75,29847.24349,45056.99964,6,0.04848858950786538,0.9,,,0.0,,0.6837089067860952,0.8588952572411515,32299.605247162013,40575.71501877216,27700.0,,,
2021-09-20 08:00:00,47241.75,47347.25,42500.0,43015.62,78003.524443,45079.5766,0,-0.0457847379161054,1.1,,,0.0,,0.6837089067860952,0.8588952572411515,29410.162524926094,36945.912005287624,27700.0,,,
2021-09-21 08:00:00,43016.64,43639.0,39600.0,40734.38,84534.080485,45085.93612,1,-0.0965169295457894,1.1,,,0.0,,0.6837089067860952,0.8588952572411515,27850.45841840938,34986.565788658816,27700.0,,,
2021-09-22 08:00:00,40734.09,44000.55,40565.39,43543.61,58349.05542,45113.14168,2,-0.03479100815308148,1.1,,,0.0,,0.6837089067860952,0.8588952572411515,29771.15399062008,37399.40011215838,27700.0,,,
2021-09-23 08:00:00,43546.37,44978.0,43069.09,44865.26,48699.57655,45148.622800000005,3,-0.006276222449912748,1.1,,,0.0,,0.6837089067860952,0.8588952572411515,30674.777867273926,38534.55902889115,27700.0,,,
2021-09-24 08:00:00,44865.26,45200.0,40675.0,42810.57,84113.426292,45176.55064,4,-0.05237187448979618,1.1,,,0.0,,0.6837089067860952,0.8588952572411515,29269.9680135896,36769.79553279032,27700.0,,,
2021-09-25 08:00:00,42810.58,42966.84,41646.28,42670.64,33594.57189,45200.708119999996,5,-0.055974081496314325,1.1,1100.0,1000.0,0.025740238986175515,0.023400217260159558,0.7094491457722707,0.882295474501311,30272.649097556085,37648.11256607462,28800.0,38000.0,1.0511336492206973,0.9907398043703847
2021-09-26 08:00:00,42670.63,43950.0,40750.0,43160.9,49879.99765,45229.78576,6,-0.04574166614403166,1.1,,,0.0,,0.7094491457722707,0.882295474501311,30620.4636357624,38080.666745403636,28800.0,,,
2021-09-27 08:00:00,43160.9,44350.0,42098.0,42147.35,39776.84383,45256.502239999994,0,-0.06870067473424778,1.1,,,0.0,,0.7094491457722707,0.882295474501311,29901.40145406491,37186.41616722283,28800.0,,,
2021-09-28 08:00:00,42147.35,42787.38,40888.0,41026.54,43372.2624,45297.20788,1,-0.09428104026441819,1.1,,,0.0,,0.7094491457722707,0.882295474501311,29106.243756991895,36197.53057644702,28800.0,,,
2021-09-29 08:00:00,41025.01,42590.0,40753.88,41524.28,33511.53487,45331.52432,2,-0.08398668205208058,1.1,,,0.0,,0.7094491457722707,0.882295474501311,29459.364974808585,36636.68432592529,28800.0,,,
2021-09-30 08:00:00,41524.29,44141.37,41410.17,43824.1,46381.22781,45378.50872,3,-0.034254292700344156,1.1,,,0.0,,0.7094491457722707,0.882295474501311,31090.970309238568,38665.8051040929,28800.0,,,
2021-10-01 08:00:00,43820.01,48495.0,43283.03,48141.61,66244.87492,45442.035560000004,4,0.05940698753328462,0.9,,,0.0,,0.7094491457722707,0.882295474501311,34154.02409060181,42475.12463820706,28800.0,,,
2021-10-02 08:00:00,48141.6,48336.59,47430.18,47634.9,30508.98131,45503.55836,5,0.046839010328334214,0.9,900.0,1000.0,0.01886541216559811,0.02096156907288679,0.7283145579378688,0.9032570435741978,34693.19113591459,43026.55894495256,29700.0,39000.0,1.168120913667158,1.1032451011526296
2021-10-03 08:00:00,47634.89,49228.08,47088.0,48200.01,30825.05601,45566.48732,6,0.05779516558969202,0.9,,,0.0,,0.7283145579378688,0.9032570435741978,35104.768975750856,43536.998532846774,29700.0,,,
2021-10-04 08:00:00,48200.01,49536.12,46891.0,49224.94,46796.49372,45641.92248,0,0.07850277388228019,0.9,,,0.0,,0.7283145579378688,0.9032570435741978,35851.240415618115,44462.77377451727,29700.0,,,
2021-10-05 08:00:00,49224.93,51886.3,49022.4,51471.99,52125.66793,45714.351,1,0.12594817325526497,0.8,,,0.0,,0.7283145579378688,0.9032570435741978,37487.799643032406,46492.43751428067,29700.0,,,
2021-10-06 08:00:00,51471.99,55750.0,50382.41,55315.0,79877.545181,45798.6022,2,0.20778795296944672,0.7,,,0.0,,0.7283145579378688,0.9032570435741978,40286.719772333214,49963.66336530675,29700.0,,,
2021-10-07 08:00:00,55315.0,55332.31,53357.0,53785.22,54917.37766,45876.69155999999,3,0.17238663406354865,0.8,,,0.0,,0.7283145579378688,0.9032570435741978,39172.558727891024,48581.878805187815,29700.0,,,
2021-10-08 08:00:00,53785.22,56100.0,53617.61,53951.43,46160.25785,45960.125360000005,4,0.17387473548875443,0.8,,,0.0,,0.7283145579378688,0.9032570435741978,39293.61189056587,48732.00915840028,29700.0,,,
2021-10-09 08:00:00,53955.67,55489.0,53661.67,54949.72,55177.08013,46045.818759999995,5,0.1933704618525499,0.8,800.0,1000.0,0.014536958465012084,0.018171198081265105,0.7428515164028809,0.9214282416554629,40819.482827913715,50632.223879060024,30500.0,40000.0,1.3383436992758595,1.2658055969765005
2021-10-10 08:00:00,54949.72,56561.31,54080.0,54659.0,89237.836128,46122.589799999994,6,0.1850808950021277,0.8,,,0.0,,0.7428515164028809,0.9214282416554629,40603.52103506507,50364.34626064594,30500.0,,,
2021-10-11 08:00:00,54659.01,57839.04,54415.06,57471.35,52933.165751,46201.99972,0,0.24391477313311405,0.7,,,0.0,,0.7428515164028809,0.9214282416554629,42692.67949722071,52955.724976065685,30500.0,,,
2021-10-12 08:00:00,57471.35,57680.0,53879.0,55996.93,53471.2855,46278.24080000001,1,0.21000558863075866,0.7,,,0.0,,0.7428515164028809,0.9214282416554629,41597.40436440598,51597.15274800404,30500.0,,,
2021-10-13 08:00:00,55996.91,57777.0,54167.19,57367.0,55808.44492,46354.54784000001,2,0.23757004809994478,0.7,,,0.0,,0.7428515164028809,0.9214282416554629,42615.16294148407,52859.57393904894,30500.0,,,
2021-10-14 08:00:00,57370.83,58532.54,56818.05,57347.94,43053.336781,46427.19184000001,3,0.23522310368535082,0.7,,,0.0,,0.7428515164028809,0.9214282416554629,42601.004191581436,52842.01151676299,30500.0,,,
2021-10-15 08:00:00,57347.94,62933.0,56850.0,61672.42,82512.908022,46518.69876,4,0.32575548422326506,0.6,,,0.0,,0.7428515164028809,0.9214282416554629,45813.45071723536,56826.7095192372,30500.0,,,
2021-10-16 08:00:00,61672.42,62378.42,60150.0,60875.57,35467.88096,46576.70156,5,0.30699615818823556,0.6,600.0,1000.0,0.0098414084332686,0.016402347388780998,0.7526929248361496,0.9378305890442439,45820.61083436776,57090.9716715041,31100.0,41000.0,1.4733315380825647,1.3924627236952218
2021-10-17 08:00:00,60875.57,61718.39,58963.0,61528.33,39099.24124,46637.133200000004,6,0.31929914594321585,0.6,,,0.0,,0.7526929248361496,0.9378305890442439,46311.938667983806,57703.149966808625,31100.0,,,
2021-10-18 08:00:00,61528.32,62695.78,59844.45,62009.84,51798.44844,46705.942240000004,0,0.32766489714221836,0.6,,,0.0,,0.7526929248361496,0.9378305890442439,46674.36783822166,58154.72477373931,31100.0,,,
2021-10-19 08:00:00,62005.6,64486.0,61322.22,64280.59,53628.107744,46771.18656,1,0.37436303689961364,0.6,,,0.0,,0.7526929248361496,0.9378305890442439,48383.54529729335,60284.30358381153,31100.0,,,
2021-10-20 08:00:00,64280.59,67000.0,63481.4,66001.41,51428.934856,46846.041800000006,2,0.40890046338984387,0.5,,,0.0,,0.7526929248361496,0.9378305890442439,49678.794336209896,61898.14121805065,31100.0,,,
2021-10-21 08:00:00,66001.4,66639.74,62000.0,62193.15,68538.64537,46906.19964,3,0.3259046880226002,0.6,,,0.0,,0.7526929248361496,0.9378305890442439,46812.34397827338,58326.63849901702,31100.0,,,
2021-10-22 08:00:00,62193.15,63732.39,60000.0,60688.22,52119.35886,46954.64136,4,0.29248607256320014,0.7,,,0.0,,0.7526929248361496,0.9378305890442439,45679.59381489971,56915.26911064667,31100.0,,,
2021-10-23 08:00:00,60688.23,61747.64,59562.15,61286.75,27626.93678,47008.14396,5,0.3037474964369982,0.6,600.0,1000.0,0.009775381268839234,0.016292302114732055,0.7624683061049888,0.954122891158976,46729.20445917993,58475.09109973737,31700.0,42000.0,1.4741073961886413,1.3922640738032708
2021-10-24 08:00:00,61286.75,61500.0,59510.63,60852.22,31226.57676,47055.01904,6,0.2932142254213399,0.7,,,0.0,,0.7624683061049888,0.954122891158976,46397.889106128125,58060.496079842065,31700.0,,,
2021-10-25 08:00:00,60852.22,63710.63,60650.0,63078.78,36853.83806,47098.85532,0,0.339284778184711,0.6,,,0.0,,0.7624683061049888,0.954122891158976,48095.57053776925,60184.90794438099,31700.0,,,
2021-10-26 08:00:00,63078.78,63293.48,59817.55,60328.81,40217.50083,47133.96016,1,0.27994358622125154,0.7,,,0.0,,0.7624683061049888,0.954122891158976,45998.80557002971,57561.098617380536,31700.0,,,
2021-10-27 08:00:00,60328.81,61496.0,58000.0,58413.44,62124.49016,47143.98992,2,0.23904319721609177,0.7,,,0.0,,0.7624683061049888,0.954122891158976,44538.3966505654,55733.60025534138,31700.0,,,
2021-10-28 08:00:00,58413.44,62499.0,57820.0,60575.89,61056.35301,47162.928719999996,3,0.2843962757196645,0.7,,,0.0,,0.7624683061049888,0.954122891158976,46187.19623910213,57796.8433013281,31700.0,,,
2021-10-29 08:00:00,60575.9,62980.0,60174.81,62253.71,43973.90414,47182.30928,4,0.31942906038277735,0.6,,,0.0,,0.7624683061049888,0.954122891158976,47466.480812451206,59397.689770572455,31700.0,,,
2021-10-30 08:00:00,62253.7,62359.25,60673.0,61859.19,31478.12566,47213.39536,5,0.31020422336344333,0.6,600.0,1000.0,0.009684920671900698,0.01614153445316783,0.7721532267768896,0.9702644256121438,47764.7731643047,60019.77145418247,32300.0,43000.0,1.4787855468824984,1.3958086384693598
2021-10-31 08:00:00,61859.19,62405.3,59945.36,61299.8,39267.63794,47263.03055999999,6,0.2969925811714604,0.7,,,0.0,,0.7721532267768896,0.9702644256121438,47332.83837077798,59477.01523713929,32300.0,,,
2021-11-01 08:00:00,61299.81,62437.74,59405.0,60911.11,44687.66672,47307.9702,0,0.2875443554752217,0.7,,,0.0,,0.7721532267768896,0.9702644256121438,47032.710133062064,59099.88315754811,32300.0,,,
2021-11-02 08:00:00,60911.12,64270.0,60624.68,63219.99,46368.2841,47372.555239999994,1,0.3345277593685488,0.6,,,0.0,,0.7721532267768896,0.9702644256121438,48815.51927530269,61340.10728455547,32300.0,,,
2021-11-03 08:00:00,63220.57,63500.0,60382.76,62896.48,43336.09049,47439.03368,2,0.32583813625438085,0.6,,,0.0,,0.7721532267768896,0.9702644256121438,48565.7199849081,61026.21704022569,32300.0,,,
2021-11-04 08:00:00,62896.49,63086.31,60677.01,61395.01,35930.93314,47500.188,3,0.29252141065210097,0.7,,,0.0,,0.7721532267768896,0.9702644256121438,47406.35507949941,59569.39411310182,32300.0,,,
2021-11-05 08:00:00,61395.01,62595.72,60721.0,60937.12,31604.48749,47563.393840000004,4,0.28117686902217903,0.7,,,0.0,,0.7721532267768896,0.9702644256121438,47052.793838490536,59125.11973525828,32300.0,,,
2021-11-06 08:00:00,60940.18,61560.49,60050.0,61470.61,25590.57408,47610.928159999996,5,0.29110295420882226,0.7,700.0,1000.0,0.01137050002661497,0.01624357146659281,0.7835237268035046,0.9865079970787366,48163.68143608478,60641.24835030816,33000.0,44000.0,1.4595054980631752,1.378210189779731
2021-11-07 08:00:00,61470.62,63286.35,61322.78,63273.59,25515.6883,47670.259920000004,6,0.32731791490513,0.6,,,0.0,,0.7835237268035046,0.9865079970787366,49576.35904503696,62419.90253888117,33000.0,,,
2021-11-08 08:00:00,63273.58,67789.0,63273.58,67525.83,54442.094554,47738.96576,0,0.4144803710133833,0.5,,,0.0,,0.7835237268035046,0.9865079970787366,52908.089977099895,66614.77130437926,33000.0,,,
2021-11-09 08:00:00,67525.82,68524.25,66222.4,66947.66,44661.378068,47813.26004,1,0.4001902389419252,0.5,,,0.0,,0.7835237268035046,0.9865079970787366,52455.08006397392,66044.40197570826,33000.0,,,
2021-11-10 08:00:00,66947.67,69000.0,62822.9,64882.43,65171.504046,47877.782920000005,2,0.3551678052514131,0.6,,,0.0,,0.7835237268035046,0.9865079970787366,50836.92335766751,64007.03606490133,33000.0,,,
2021-11-11 08:00:00,64882.42,65600.07,64100.0,64774.26,37237.98058,47941.35116,3,0.351114610512784,0.6,,,0.0,,0.7835237268035046,0.9865079970787366,50752.169596139174,63900.32549485733,33000.0,,,
2021-11-12 08:00:00,64774.25,65450.7,62278.0,64122.23,44490.10816,47993.95308,4,0.3360481036666464,0.6,,,0.0,,0.7835237268035046,0.9865079970787366,50241.28862055149,63257.09268552208,33000.0,,,
2021-11-13 08:00:00,64122.22,65000.0,63360.22,64380.0,22504.97383,48041.9724,5,0.3400782021181129,0.6,600.0,1000.0,0.009305705933178516,0.015509509888630861,0.792829432736683,1.0020175069673674,51042.35887958766,64509.88709855911,33600.0,45000.0,1.5191178237972518,1.4335530466346469
2021-11-14 08:00:00,64380.01,65550.51,63576.27,65519.1,25705.07347,48084.5108,6,0.36258223094993003,0.6,,,0.0,,0.792829432736683,1.0020175069673674,51945.47088641801,65651.28524074564,33600.0,,,
2021-11-15 08:00:00,65519.11,66401.82,63400.0,63606.74,37829.37124,48115.5314,0,0.3219585890305682,0.6,,,0.0,,0.792829432736683,1.0020175069673674,50429.295592429684,63735.067041121525,33600.0,,,
2021-11-16 08:00:00,63606.73,63617.31,58574.07,60058.87,77455.15609,48124.67424,1,0.2479849671393849,0.7,,,0.0,,0.792829432736683,1.0020175069673674,47616.439832906195,60180.03918867721,33600.0,,,
2021-11-17 08:00:00,60058.87,60840.23,58373.0,60344.87,46289.38491,48137.166840000005,2,0.25360244404446125,0.7,,,0.0,,0.792829432736683,1.0020175069673674,47843.18905066889,60466.61619566988,33600.0,,,
2021-11-18 08:00:00,60344.86,60976.0,56474.26,56891.62,62146.99931,48119.979759999995,3,0.18228686470253846,0.8,,,0.0,,0.792829432736683,1.0020175069673674,45105.35081207094,57006.39923973482,33600.0,,,
2021-11-19 08:00:00,56891.62,58320.0,55600.0,58052.24,50715.88726,48116.31548,4,0.20649803337767958,0.7,,,0.0,,0.792829432736683,1.0020175069673674,46025.524508293776,58169.36079867128,33600.0,,,
2021-11-20 08:00:00,58057.1,59845.0,57353.0,59707.51,33811.5901,48132.72472,5,0.24047641905446662,0.7,700.0,1000.0,0.011706258938633321,0.016723227055190457,0.8045356916753164,1.0187407340225578,48036.82285606087,60826.472564059215,34300.0,46000.0,1.4004904622758272,1.322314620957809
2021-11-21 08:00:00,59707.52,60029.76,58486.65,58622.02,31902.22785,48139.609800000006,6,0.21775021117848758,0.7,,,0.0,,0.8045356916753164,1.0187407340225578,47163.507408104226,59720.63968468506,34300.0,,,
2021-11-22 08:00:00,58617.7,59444.0,55610.0,56247.18,51724.32047,48128.94664,0,0.1686767304658384,0.8,,,0.0,,0.8045356916753164,1.0187407340225578,45252.86386608602,57301.29343989893,34300.0,,,
2021-11-23 08:00:00,56243.83,58009.99,55317.0,57541.27,49917.85017,48128.51908,1,0.19557532830698515,0.8,,,0.0,,0.8045356916753164,1.0187407340225578,46294.00545932613,58619.63563639018,34300.0,,,
2021-11-24 08:00:00,57541.26,57735.0,55837.0,57138.29,39612.04964,48124.9522,2,0.1872903221294005,0.8,,,0.0,,0.8045356916753164,1.0187407340225578,45969.79366629481,58209.10349539378,34300.0,,,
2021-11-25 08:00:00,57138.29,59398.9,57000.0,58960.36,42153.51522,48128.38452000001,3,0.22506418173040296,0.7,,,0.0,,0.8045356916753164,1.0187407340225578,47435.71401402565,60065.32042463426,34300.0,,,
2021-11-26 08:00:00,58960.37,59150.0,53500.0,53726.53,65927.87066,48113.884399999995,4,0.11665334591027125,0.8,,,0.0,,0.8045356916753164,1.0187407340225578,43224.91097486464,54733.40460868497,34300.0,,,
2021-11-27 08:00:00,53723.72,55280.0,53610.0,54721.03,29716.99957,48116.43552000001,5,0.1372627545790406,0.8,800.0,1000.0,0.014597711287672106,0.01824713910959013,0.8191334029629884,1.036987873132148,44823.82351753978,56745.04451530046,35100.0,47000.0,1.2770320090467173,1.2073413726659672
2021-11-28 08:00:00,54716.47,57445.05,53256.64,57274.88,36163.7137,48128.17148,6,0.19004895134653058,0.8,,,0.0,,0.8191334029629884,1.036987873132148,46915.7673586968,59393.355995099,35100.0,,,
2021-11-29 08:00:00,57274.89,58865.97,56666.67,57776.25,40125.28009,48150.061879999994,0,0.19992057630144852,0.8,,,0.0,,0.8191334029629884,1.036987873132148,47326.45627294036,59913.270605051264,35100.0,,,
2021-11-30 08:00:00,57776.25,59176.99,55875.55,56950.56,49161.05194,48172.689,1,0.18221675356341432,0.8,,,0.0,,0.8191334029629884,1.036987873132148,46650.10601344785,59057.04008808478,35100.0,,,
2021-12-01 08:00:00,56950.56,59053.55,56458.01,57184.07,44956.63656,48181.32292,2,0.18685138834705955,0.8,,,0.0,,0.8191334029629884,1.036987873132148,46841.381854373736,59299.18712633987,35100.0,,,
2021-12-02 08:00:00,57184.07,57375.47,55777.77,56480.34,37574.05976,48183.97572,3,0.1721809824953148,0.8,,,0.0,,0.8191334029629884,1.036987873132148,46264.93310470659,58569.42765038058,35100.0,,,
2021-12-03 08:00:00,56484.26,57600.0,51680.0,53601.05,58927.69027,48175.2694,4,0.11262584864756368,0.8,,,0.0,,0.8191334029629884,1.036987873132148,43906.41048888929,55583.63883714993,35100.0,,,
2021-12-04 08:00:00,53601.05,53859.1,42000.3,49152.47,114203.373748,48141.3374,5,0.021003417325086704,0.9,900.0,1000.0,0.018282947366979715,0.020314385963310793,0.8374163503299681,1.0573022590954588,41161.082037103246,51969.01757112177,36000.0,48000.0,1.1433633899195346,1.0826878660650368
2021-12-05 08:00:00,49152.46,49699.05,47727.21,49396.33,45580.82012,48103.93644,6,0.026866690247107024,0.9,,,0.0,,0.8374163503299681,1.0573022590954588,41365.294388294715,52226.85130002479,36000.0,,,
2021-12-06 08:00:00,49396.32,50891.11,47100.0,50441.92,58571.21575,48070.74192,0,0.04932684592108325,0.9,,,0.0,,0.8374163503299681,1.0573022590954588,42240.88855003622,53332.3559691124,36000.0,,,
2021-12-07 08:00:00,50441.91,51936.33,50039.74,50588.95,38253.46877,48038.215959999994,1,0.05309801767251149,0.9,,,0.0,,0.8374163503299681,1.0573022590954588,42364.01387602524,53487.81112026721,36000.0,,,
2021-12-08 08:00:00,50588.95,51200.0,48600.0,50471.19,38425.92466,48004.30068,2,0.05138892318095534,0.9,,,0.0,,0.8374163503299681,1.0573022590954588,42265.39972661038,53363.30320623613,36000.0,,,
2021-12-09 08:00:00,50471.19,50797.76,47320.0,47545.59,37692.68665,47966.27528,3,-0.008770438762323784,1.1,,,0.0,,0.8374163503299681,1.0573022590954588,39815.454452085025,50270.05971702645,36000.0,,,
2021-12-10 08:00:00,47535.9,50125.0,46852.0,47140.54,44233.57391,47922.0294,4,-0.016307518896518155,1.1,,,0.0,,0.8374163503299681,1.0573022590954588,39476.25895938387,49841.79943697984,36000.0,,,
2021-12-11 08:00:00,47140.54,49485.71,46751.0,49389.99,28889.19358,47883.0694,5,0.031470843846948496,0.9,900.0,1000.0,0.018195023363378884,0.020216692625976536,0.8556113736933469,1.0775189517214354,42258.63719060067,53218.650250332175,36900.0,49000.0,1.1452205200704788,1.0860949030680036
2021-12-12 08:00:00,49389.99,50777.0,48638.0,50053.9,26017.93421,47851.3204,6,0.04602965146182267,0.9,,,0.0,,0.8556113736933469,1.0775189517214354,42826.68613770942,53934.025857569555,36900.0,,,
2021-12-13 08:00:00,50053.9,50189.97,45672.75,46702.75,50869.52093,47814.3176,0,-0.02324758891884723,1.1,,,0.0,,0.8556113736933469,1.0775189517214354,39959.40408275696,50323.09822250827,36900.0,,,
2021-12-14 08:00:00,46702.76,48700.41,46290.0,48343.28,39955.98445,47775.38064,1,0.011886862069802565,0.9,,,0.0,,0.8556113736933469,1.0775189517214354,41363.060209642106,52090.800388375836,36900.0,,,
2021-12-15 08:00:00,48336.95,49500.0,46547.0,48864.98,51629.181,47738.2704,2,0.023601810257457546,0.9,,,0.0,,0.8556113736933469,1.0775189517214354,41809.43266329793,52652.94202548891,36900.0,,,
2021-12-16 08:00:00,48864.98,49436.43,47511.0,47632.38,31949.86739,47689.7234,3,-0.0012024267685311256,1.1,,,0.0,,0.8556113736933469,1.0775189517214354,40754.8060840835,51324.792165597064,36900.0,,,
2021-12-17 08:00:00,47632.38,47995.96,45456.0,46131.2,43104.4887,47634.23848,4,-0.03155374218128999,1.1,,,0.0,,0.8556113736933469,1.0775189517214354,39470.379402122526,49707.242265651876,36900.0,,,
2021-12-18 08:00:00,46133.83,47392.37,45500.0,46834.48,25020.05271,47582.136399999996,5,-0.0157129640778381,1.1,1100.0,1000.0,0.023451791741747968,0.021319810674316333,0.8790631654350949,1.0988387623957518,41170.46624030665,51463.542040648594,38000.0,50000.0,1.0834333221133328,1.0292708408129718
2021-12-19 08:00:00,46834.47,48300.01,46406.91,46681.23,29305.70665,47514.56132,6,-0.017538440782136164,1.1,,,0.0,,0.8790631654350949,1.0988387623957518,41035.74981020372,51295.145000311444,38000.0,,,
2021-12-20 08:00:00,46681.24,47537.57,45558.85,46914.16,35848.50609,47450.37984,0,-0.011300643784266868,1.1,,,0.0,,0.8790631654350949,1.0988387623957518,41240.50999332852,51551.09751323629,38000.0,,,
2021-12-21 08:00:00,46914.17,49328.96,46630.0,48889.88,37713.92924,47393.299439999995,1,0.031577893450838466,0.9,,,0.0,,0.8790631654350949,1.0988387623957518,42977.29267054194,53722.09523287682,38000.0,,,
2021-12-22 08:00:00,48887.59,49576.13,48421.87,48588.16,27004.2022,47342.312880000005,2,0.02631572148065273,0.9,,,0.0,,0.8790631654350949,1.0988387623957518,42712.06173226686,53390.553601486776,38000.0,,,
2021-12-23 08:00:00,48588.17,51375.0,47920.42,50838.81,35192.54046,47305.641480000006,3,0.07468810081549689,0.9,,,0.0,,0.8790631654350949,1.0988387623957518,44690.525245553355,55863.65506207277,38000.0,,,
2021-12-24 08:00:00,50838.82,51810.0,50384.43,50820.0,31684.84269,47284.32144000001,4,0.07477486093326906,0.9,,,0.0,,0.8790631654350949,1.0988387623957518,44673.99006741152,55842.98590495211,38000.0,,,
2021-12-25 08:00:00,50819.99,51156.23,50142.32,50399.66,19135.51613,47263.387520000004,5,0.06635733586960631,0.9,900.0,1000.0,0.017830517546488397,0.019811686162764883,0.8968936829815832,1.1186504485585167,45203.136678419585,56379.602266196736,38900.0,51000.0,1.1620343619131,1.1054823973764065
2021-12-26 08:00:00,50399.67,51280.0,49412.0,50775.49,22569.88914,47240.78948000001,6,0.07482306199595695,0.9,,,0.0,,0.8968936829815832,1.1186504485585167,45540.21623129455,56800.02466427848,38900.0,,,
2021-12-27 08:00:00,50775.48,52088.0,50449.0,50701.44,28783.57561,47228.44472,0,0.0735360925092941,0.9,,,0.0,,0.8968936829815832,1.1186504485585167,45473.80125406977,56717.18859856272,38900.0,,,
2021-12-28 08:00:00,50701.44,50704.05,47313.01,47543.74,45853.33924,47211.855840000004,1,0.007029678331746642,0.9,,,0.0,,0.8968936829815832,1.1186504485585167,42641.68007131881,53184.82607714949,38900.0,,,
2021-12-29 08:00:00,47543.74,48139.08,46096.99,46464.66,39498.87,47193.21392,2,-0.015437683927079286,1.1,,,0.0,,0.8968936829815832,1.1186504485585167,41673.86003588705,51977.712751118976,38900.0,,,
2021-12-30 08:00:00,46464.66,47900.0,45900.0,47120.87,30352.29569,47181.50604,3,-0.0012851654194461486,1.1,,,0.0,,0.8968936829815832,1.1186504485585167,42262.4106395964,52711.782361967555,38900.0,,,
2021-12-31 08:00:00,47120.88,48548.26,45678.0,46216.93,34937.99796,47170.10668,4,-0.02020721908615359,1.1,,,0.0,,0.8968936829815832,1.1186504485585167,41451.67256380202,51700.58947549757,38900.0,,,
2022-01-01 08:00:00,46216.93,47954.63,46208.37,47722.65,19604.46325,47144.99172,5,0.012252802661007728,0.9,900.0,1000.0,0.018830723397947294,0.020923025997719214,0.9157244063795306,1.1395734745562358,43700.795342108104,54383.46607553115,39800.0,52000.0,1.0980099332187965,1.0458358860679067
2022-01-02 08:00:00,47722.66,47990.0,46654.0,47286.18,18340.4604,47114.088560000004,6,0.0036526534898544687,0.9,,,0.0,,0.9157244063795306,1.1395734745562358,43301.10911045563,53886.07644109159,39800.0,,,
2022-01-03 08:00:00,47286.18,47570.0,45696.0,46446.1,27662.0771,47080.488079999996,0,-0.013474543401547443,1.1,,,0.0,,0.9157244063795306,1.1395734745562358,42531.82735114431,52928.743556586385,39800.0,,,
2022-01-04 08:00:00,46446.1,47557.54,45500.0,45832.01,35491.4136,47049.596119999995,1,-0.025878779424472406,1.1,,,0.0,,0.9157244063795306,1.1395734745562358,41969.49015043071,52228.94288159615,39800.0,,,
2022-01-05 08:00:00,45832.01,47070.0,42500.0,43451.13,51784.11857,46992.62356,2,-0.07536275465612677,1.1,,,0.0,,0.9157244063795306,1.1395734745562358,39789.26022576981,49515.755187494695,39800.0,,,
2022-01-06 08:00:00,43451.14,43816.0,42430.58,43082.31,38880.37305,46933.75132,3,-0.08206122910867303,1.1,,,0.0,,0.9157244063795306,1.1395734745562358,39451.52275020891,49095.45769860886,39800.0,,,
2022-01-07 08:00:00,43082.3,43145.83,40610.0,41566.48,54836.50818,46873.7044,4,-0.11322391664867006,1.2,,,0.0,,0.9157244063795306,1.1395734745562358,38063.440223286634,47368.05803867229,39800.0,,,
2022-01-08 08:00:00,41566.48,42300.0,40501.0,41679.74,32952.73111,46811.7458,5,-0.10963072861939704,1.2,1200.0,1000.0,0.02874784477916767,0.023956537315973057,0.9444722511586983,1.163530011872209,39365.35786550924,48495.62837703058,41000.0,53000.0,0.9601306796465668,0.9150118561703884
2022-01-09 08:00:00,41679.74,42786.7,41200.02,41864.62,22724.39426,46766.40424,6,-0.10481422122694291,1.2,,,0.0,,0.9444722511586983,1.163530011872209,39539.97189530347,48710.74180562552,41000.0,,,
2022-01-10 08:00:00,41864.62,42248.5,39650.0,41822.49,50729.17019,46703.94976,0,-0.10451920630020832,1.2,,,0.0,,0.9444722511586983,1.163530011872209,39500.18127936214,48661.72228622534,41000.0,,,
2022-01-11 08:00:00,41822.49,43100.0,41268.93,42729.29,37296.43729,46649.292199999996,1,-0.08403133284838983,1.1,,,0.0,,0.9444722511586983,1.163530011872209,40356.628716712854,49716.81130099106,41000.0,,,
2022-01-12 08:00:00,42729.29,44322.0,42450.0,43902.66,33943.2928,46595.64384,2,-0.05779475543351551,1.1,,,0.0,,0.9444722511586983,1.163530011872209,41464.844122054936,51082.062511021555,41000.0,,,
2022-01-13 08:00:00,43902.65,44500.0,42311.22,42560.11,34910.87762,46530.43608,3,-0.08532750634818463,1.1,,,0.0,,0.9444722511586983,1.163530011872209,40196.84290126183,49519.96529358252,41000.0,,,
2022-01-14 08:00:00,42558.35,43448.78,41725.95,43059.96,32640.88292,46469.71256,4,-0.07337580484487509,1.1,,,0.0,,0.9444722511586983,1.163530011872209,40668.9373560035,50101.55577001684,41000.0,,,
2022-01-15 08:00:00,43059.96,43800.0,42555.0,43084.29,21936.05616,46418.78516,5,-0.07183503722698456,1.1,1100.0,1000.0,0.025493108306834353,0.02317555300621305,0.9699653594655326,1.186705564878422,41790.268837167256,51128.366701835745,42100.0,54000.0,0.992642965253379,0.9468216055895509
2022-01-16 08:00:00,43084.29,43475.0,42581.79,43071.66,20602.35271,46364.39172,6,-0.07101854673054246,1.1,,,0.0,,0.9699653594655326,1.186705564878422,41778.01817467721,51113.378610551335,42100.0,,,
2022-01-17 08:00:00,43071.66,43176.18,41540.42,42201.62,27562.08613,46334.672920000005,0,-0.08920000206186848,1.1,,,0.0,,0.9699653594655326,1.186705564878422,40934.109513327814,50080.89730088451,42100.0,,,
2022-01-18 08:00:00,42201.63,42691.0,41250.0,42352.12,29324.08257,46305.39752,1,-0.08537401105978014,1.1,,,0.0,,0.9699653594655326,1.186705564878422,41080.08929992738,50259.49648839871,42100.0,,,
2022-01-19 08:00:00,42352.12,42559.13,41138.56,41660.01,31685.72159,46272.67176,2,-0.09968436194746312,1.1,,,0.0,,0.9699653594655326,1.186705564878422,40408.76657498768,49438.165699890706,42100.0,,,
2022-01-20 08:00:00,41660.0,43505.0,40553.31,40680.91,42330.33953,46248.34344,3,-0.1203812510003276,1.2,,,0.0,,0.9699653594655326,1.186705564878422,39459.07349153498,48276.262281318246,42100.0,,,
2022-01-21 08:00:00,40680.92,41100.0,35440.45,36445.31,88860.891999,46208.39868,4,-0.21128385659089455,1.3,,,0.0,,0.9699653594655326,1.186705564878422,35350.68821498277,43249.8521907192,42100.0,,,
2022-01-22 08:00:00,36445.31,36835.22,34008.0,35071.42,90471.338961,46174.5322,5,-0.24045965754256202,1.3,1300.0,1000.0,0.03701170128324063,0.028470539448646644,1.0069770607487734,1.2151761043270686,35316.11542788574,42617.951528818434,43400.0,55000.0,0.8137353785227129,0.774871845978517
2022-01-23 08:00:00,35071.42,36499.0,34601.01,36244.55,44279.52354,46148.111280000005,6,-0.21460382679392725,1.3,,,0.0,,1.0069770607487734,1.2151761043270686,36497.430427161955,44043.511072087655,43400.0,,,
2022-01-24 08:00:00,36244.55,37550.0,32917.17,36660.35,91904.753211,46147.99232,0,-0.2055916594206454,1.3,,,0.0,,1.0069770607487734,1.2151761043270686,36916.13148902129,44548.78129626685,43400.0,,,
2022-01-25 08:00:00,36660.35,37545.14,35701.0,36958.32,49232.40183,46133.719039999996,1,-0.19888704468080096,1.2,,,0.0,,1.0069770607487734,1.2151761043270686,37216.180443812606,44910.86732007319,43400.0,,,
2022-01-26 08:00:00,36958.32,38919.98,36234.63,36809.34,69830.16036,46131.94836,2,-0.20208572781815204,1.3,,,0.0,,1.0069770607487734,1.2151761043270686,37066.16100130225,44729.83038405053,43400.0,,,
2022-01-27 08:00:00,36807.24,37234.47,35507.01,37160.1,53020.87934,46130.789840000005,3,-0.1944620907449003,1.2,,,0.0,,1.0069770607487734,1.2151761043270686,37419.36827513049,45156.0655544043,43400.0,,,
2022-01-28 08:00:00,37160.11,38000.0,36155.01,37716.56,42154.26956,46143.03508000001,4,-0.18261640278734803,1.2,,,0.0,,1.0069770607487734,1.2151761043270686,37979.71073035475,45832.26244941814,43400.0,,,
2022-01-29 08:00:00,37716.57,38720.74,37268.44,38166.84,26129.49682,46140.51728,5,-0.17281291476669816,1.2,1200.0,1000.0,0.03139381452475672,0.02616151210396394,1.0383708752735301,1.2413376164310326,39631.33505722478,47377.93419230459,44600.0,56000.0,0.8885949564400175,0.8460345391482962
2022-01-30 08:00:00,38166.83,38359.26,37351.63,37881.76,21430.66527,46138.74544,6,-0.17895990368306808,1.2,,,0.0,,1.0383708752735301,1.2413376164310326,39335.31628810181,47024.05366461244,44600.0,,,
2022-01-31 08:00:00,37881.75,38744.0,36632.61,38466.9,36855.2458,46135.64540000001,0,-0.16622169980524443,1.2,,,0.0,,1.0383708752735301,1.2413376164310326,39942.90862205936,47750.40995749089,44600.0,,,
2022-02-01 08:00:00,38466.9,39265.2,38000.0,38694.59,34574.44663,46136.30384,1,-0.16129844007026992,1.2,,,0.0,,1.0383708752735301,1.2413376164310326,40179.335286650385,48033.050119376065,44600.0,,,
2022-02-02 08:00:00,38694.59,38855.92,36586.95,36896.36,35794.6813,46141.23532,2,-0.20036037734760845,1.3,,,0.0,,1.0383708752735301,1.2413376164310326,38312.10562760726,45800.839577381295,44600.0,,,
2022-02-03 08:00:00,36896.37,37387.0,36250.0,37311.61,32081.10999,46152.06116,3,-0.19155051665735826,1.2,,,0.0,,1.0383708752735301,1.2413376164310326,38743.2891335646,46316.30502260428,44600.0,,,
2022-02-04 08:00:00,37311.98,41772.33,37026.73,41574.25,64703.95874,46175.793079999996,4,-0.09965271353385916,1.1,,,0.0,,1.0383708752735301,1.2413376164310326,43169.49036134056,51607.680399907855,44600.0,,,
2022-02-05 08:00:00,41571.7,41913.69,40843.01,41382.59,32532.34372,46192.30819999999,5,-0.10412379002961356,1.2,1200.0,1000.0,0.028954270285065913,0.02412855857088826,1.067325145558596,1.265466175001921,44168.67889534169,52368.267878972736,45800.0,57000.0,0.9643816352694692,0.9187415417363638
2022-02-06 08:00:00,41382.6,42656.0,41116.56,42380.87,22405.16704,46215.05932,6,-0.08296406791239834,1.1,,,0.0,,1.067325145558596,1.265466175001921,45234.16824164993,53631.55745215366,45800.0,,,
2022-02-07 08:00:00,42380.87,44500.5,41645.85,43839.99,51060.62006,46240.14456,0,-0.05190629447288222,1.1,,,0.0,,1.067325145558596,1.265466175001921,46791.523708037384,55478.02445742246,45800.0,,,
2022-02-08 08:00:00,43839.99,45492.0,42666.0,44042.99,64880.29387,46259.329359999996,1,-0.04791118657929455,1.1,,,0.0,,1.067325145558596,1.265466175001921,47008.19071258578,55734.91409094785,45800.0,,,
2022-02-09 08:00:00,44043.0,44799.0,43117.92,44372.72,34428.16729,46289.504239999995,2,-0.041408614576253104,1.1,,,0.0,,1.067325145558596,1.265466175001921,47360.119832830824,56152.17625283124,45800.0,,,
2022-02-10 08:00:00,44372.71,45821.0,43174.01,43495.44,62357.29091,46321.4332,3,-0.06100832821381695,1.1,,,0.0,,1.067325145558596,1.265466175001921,46423.776829135175,55042.00808682555,45800.0,,,
2022-02-11 08:00:00,43495.44,43920.0,41938.51,42373.73,44975.1687,46347.74288,4,-0.08574339618412924,1.1,,,0.0,,1.067325145558596,1.265466175001921,45226.547540110645,53622.522023664154,45800.0,,,
2022-02-12 08:00:00,42373.73,43079.49,41688.88,42217.87,26556.85681,46382.4032,5,-0.08978692160564888,1.1,1100.0,1000.0,0.02601629289429003,0.02365117535844548,1.093341438452886,1.2891173503603663,46158.546714216944,54423.7887122584,46900.0,58000.0,0.984190761497163,0.9383411846941103
2022-02-13 08:00:00,42217.87,42760.0,41870.0,42053.66,17732.08113,46417.094600000004,6,-0.09400490568403651,1.1,,,0.0,,1.093341438452886,1.2891173503603663,45979.00911660859,54212.102752155726,46900.0,,,
2022-02-14 08:00:00,42053.65,42842.4,41550.56,42535.94,34010.1306,46437.686160000005,0,-0.08402111480224539,1.1,,,0.0,,1.093341438452886,1.2891173503603663,46506.30582554565,54833.818267887524,46900.0,,,
2022-02-15 08:00:00,42535.94,44751.4,42427.03,44544.86,38095.19576,46469.16272,1,-0.041410316161599216,1.1,,,0.0,,1.093341438452886,1.2891173503603663,48702.74130808242,57423.55189537347,46900.0,,,
2022-02-16 08:00:00,44544.85,44549.97,43307.0,43873.56,28471.8727,46495.32904,2,-0.05638779408883175,1.1,,,0.0,,1.093341438452886,1.2891173503603663,47968.781200449,56558.167418076555,46900.0,,,
2022-02-17 08:00:00,43873.56,44164.71,40073.21,40515.7,47245.99494,46515.2074,3,-0.12897948295507336,1.2,,,0.0,,1.093341438452886,1.2891173503603663,44297.49371792559,52229.49183199549,46900.0,,,
2022-02-18 08:00:00,40515.71,40959.88,39450.0,39974.44,43845.92241,46519.022880000004,4,-0.14068616395667513,1.2,,,0.0,,1.093341438452886,1.2891173503603663,43705.711730948584,51531.74417493945,46900.0,,,
2022-02-19 08:00:00,39974.45,40444.32,39639.03,40079.17,18042.0551,46517.2744,5,-0.13840244259882956,1.2,1200.0,1000.0,0.029895895946848845,0.024913246622374038,1.1232373343997348,1.3140305969827404,45018.42007575382,52665.25568167274,48100.0,59000.0,0.9359338893088113,0.8926314522317413
2022-02-20 08:00:00,40079.17,40125.44,38000.0,38386.89,33439.29011,46510.2458,6,-0.17465733969524622,1.2,,,0.0,,1.1232373343997348,1.3140305969827404,43117.58799949584,50441.54798301079,48100.0,,,
2022-02-21 08:00:00,38386.89,39494.35,36800.0,37008.16,62347.68496,46504.882399999995,0,-0.2042091477259599,1.3,,,0.0,,1.1232373343997348,1.3140305969827404,41568.9469894389,48629.85457803278,48100.0,,,
2022-02-22 08:00:00,37008.16,38429.0,36350.0,38230.33,53785.94589,46505.43184,1,-0.17793839370140974,1.2,,,0.0,,1.1232373343997348,1.3140305969827404,42941.733962422215,50235.823352747175,48100.0,,,
2022-02-23 08:00:00,38230.33,39249.93,37036.79,37250.01,43560.732,46511.152519999996,2,-0.19911659931492048,1.2,,,0.0,,1.1232373343997348,1.3140305969827404,41840.601938763466,48947.65287791305,48100.0,,,
2022-02-24 08:00:00,37250.02,39843.0,34322.28,38327.21,120476.29458,46522.52648000001,3,-0.1761580270908797,1.2,,,0.0,,1.1232373343997348,1.3140305969827404,43050.55319537886,50363.12663698286,48100.0,,,
2022-02-25 08:00:00,38328.68,39683.53,38014.37,39219.17,56574.57125,46537.00252,4,-0.15724761208793048,1.2,,,0.0,,1.1232373343997348,1.3140305969827404,44052.435968170044,51535.18936826758,48100.0,,,
2022-02-26 08:00:00,39219.16,40348.45,38573.18,39116.72,29361.2568,46567.03368,5,-0.1599911587926594,1.2,1200.0,1000.0,0.03063147155375159,0.02552622629479299,1.1538688059534865,1.3395568232775334,45135.56299921687,52399.06918023676,49300.0,60000.0,0.9155286612417215,0.8733178196706126
2022-02-27 08:00:00,39116.73,39855.7,37000.0,37699.07,46229.44719,46587.79172,6,-0.19079508583327207,1.2,,,0.0,,1.1538688059534865,1.3395568232775334,43499.7808864569,50500.04644971736,49300.0,,,
2022-02-28 08:00:00,37699.08,44225.84,37450.17,43160.0,73945.63858,46625.71944,0,-0.07433063728828547,1.1,,,0.0,,1.1538688059534865,1.3395568232775334,49800.97766495248,57815.27249265835,49300.0,,,
2022-03-01 08:00:00,43160.0,44949.0,42809.98,44421.2,61743.09873,46664.75188,1,-0.048078084413035696,1.1,,,0.0,,1.1538688059534865,1.3395568232775334,51256.237003021015,59504.72155817597,49300.0,,,
2022-03-02 08:00:00,44421.2,45400.0,43334.09,43892.98,57782.65081,46713.986,2,-0.06038889509450112,1.1,,,0.0,,1.1538688059534865,1.3395568232775334,50646.74042234027,58797.14085298432,49300.0,,,
2022-03-03 08:00:00,43892.99,44101.12,41832.28,42454.0,50940.61021,46754.667400000006,3,-0.0919837021447832,1.1,,,0.0,,1.1538688059534865,1.3395568232775334,48986.346287949316,56869.54537542441,49300.0,,,
2022-03-04 08:00:00,42454.0,42527.3,38550.0,39148.66,61964.68498,46772.460680000004,4,-0.16299763940493198,1.2,,,0.0,,1.1538688059534865,1.3395568232775334,45172.41756887902,52441.854625172244,49300.0,,,
2022-03-05 08:00:00,39148.65,39613.24,38407.59,39397.96,30363.13341,46792.07296,5,-0.15802063239046546,1.2,1200.0,1000.0,0.03041281061141404,0.02534400884284503,1.1842816165649006,1.3649008321203784,46658.27975815929,53774.30838784538,50500.0,61000.0,0.9239263318447384,0.8815460391450063
2022-03-06 08:00:00,39397.97,39693.87,38088.57,38420.81,39677.26158,46802.109280000004,6,-0.17907952032370464,1.2,,,0.0,,1.1842816165649006,1.3649008321203784,45501.0589765329,52440.595539738955,50500.0,,,
2022-03-07 08:00:00,38420.8,39547.57,37155.0,37988.0,63941.20316,46813.88128,0,-0.18853128684654966,1.2,,,0.0,,1.1842816165649006,1.3649008321203784,44988.49005006744,51849.852810588935,50500.0,,,
2022-03-08 08:00:00,37988.01,39362.08,37867.65,38730.63,55528.43367,46834.78504,1,-0.1730370926882342,1.2,,,0.0,,1.1842816165649006,1.3649008321203784,45867.973106977035,52863.46911554649,50500.0,,,
2022-03-09 08:00:00,38730.63,42594.06,38656.45,41941.71,67392.58799,46867.405679999996,2,-0.1050985350806812,1.2,,,0.0,,1.1842816165649006,1.3649008321203784,49670.796120296254,57246.274879551594,50500.0,,,
2022-03-10 08:00:00,41941.7,42039.63,38539.73,39422.0,71950.25677,46886.417160000005,3,-0.1592021231762637,1.2,,,0.0,,1.1842816165649006,1.3649008321203784,46686.749888221515,53807.12060384956,50500.0,,,
2022-03-11 08:00:00,39422.01,40236.26,38223.6,38729.57,59018.7642,46900.1894,4,-0.17421292972433078,1.2,,,0.0,,1.1842816165649006,1.3649008321203784,45866.71776846348,52862.022320664444,50500.0,,,
2022-03-12 08:00:00,38729.57,39486.71,38660.52,38807.36,24034.36432,46920.65828,5,-0.1729152696789488,1.2,1200.0,1000.0,0.030875655956912964,0.02572971329742747,1.2151572725218136,1.3906305454178058,47157.04573137213,53966.700203025146,51700.0,62000.0,0.9121285441271204,0.8704306484358895
2022-03-13 08:00:00,38807.35,39310.0,37578.51,37777.34,32791.82359,46934.8876,6,-0.19511174029103256,1.2,,,0.0,,1.2151572725218136,1.3906305454178058,45905.409437529204,52534.32292863389,51700.0,,,
2022-03-14 08:00:00,37777.35,39947.12,37555.0,39671.37,46945.45375,46958.1246,0,-0.15517558808130083,1.2,,,0.0,,1.2151572725218136,1.3906305454178058,48206.953766403705,55168.218900571585,51700.0,,,
2022-03-15 08:00:00,39671.37,39887.61,38098.33,39280.33,46015.54926,46983.74308000001,1,-0.16395911809076757,1.2,,,0.0,,1.2151572725218136,1.3906305454178058,47731.77866655677,54624.4267320914,51700.0,,,
2022-03-16 08:00:00,39280.33,41718.0,38828.48,41114.0,88120.76167,47012.935840000006,2,-0.12547473869906706,1.2,,,0.0,,1.2151572725218136,1.3906305454178058,49959.97610246184,57174.38424430767,51700.0,,,
2022-03-17 08:00:00,41114.01,41478.82,40500.0,40917.9,37189.38087,47042.59596,3,-0.13019468494484837,1.2,,,0.0,,1.2151572725218136,1.3906305454178058,49721.68376132032,56901.68159435124,51700.0,,,
2022-03-18 08:00:00,40917.89,42325.02,40135.04,41757.51,45408.00969,47072.590039999995,4,-0.11291241963706473,1.2,,,0.0,,1.2151572725218136,1.3906305454178058,50741.94195890236,58069.26890658948,51700.0,,,
2022-03-19 08:00:00,41757.51,42400.0,41499.29,42201.13,29067.18108,47109.04804,5,-0.10418206786587411,1.2,1200.0,1000.0,0.028392668536507574,0.023660557113756312,1.2435499410583213,1.414291102531562,52479.21272409455,59684.682675777774,52900.0,63000.0,0.9920456091511257,0.9473759154885361
2022-03-20 08:00:00,42201.13,42296.26,40911.0,41262.11,30653.33468,47143.1774,6,-0.12474906708345883,1.2,,,0.0,,1.2435499410583213,1.414291102531562,51311.49445844197,58356.635044678595,52900.0,,,
2022-03-21 08:00:00,41262.11,41544.22,40467.94,41002.25,39426.24877,47175.90632,0,-0.13086460444709483,1.2,,,0.0,,1.2435499410583213,1.414291102531562,50988.34557075855,57989.11735877474,52900.0,,,
2022-03-22 08:00:00,41002.26,41002.26,40980.0,40983.92,57.63203,47212.322,1,-0.13192322970261877,1.2,,,0.0,,1.2435499410583213,1.414291102531562,50965.55130033895,57963.193402865334,52900.0,,,
